"System.ObjectModel, Version=4.1.1.0, Culture=neutral, PublicKeyToken=b03f5f7f11d50a3a","","1504834550","LAQ0AAAAVgBTAF8AVgBFAFIAUwBJAE8ATgBfAEkATgBGAE8AAAAAAL0E7/4AAAEABgAEAAEAbGQAAAAAAAAAAD8AAAAAAAAABAAAAAIAAAAAAAAAAAAAAAAAAABEAAAAAQBWAGEAcgBGAGkAbABlAEkAbgBmAG8AAAAAACQABAAAAFQAcgBhAG4AcwBsAGEAdABpAG8AbgAAAAAAAACwBIwDAAABAFMAdAByAGkAbgBnAEYAaQBsAGUASQBuAGYAbwAAAGgDAAABADAAMAAwADAAMAA0AGIAMAAAAD4AEwABAEMAbwBtAG0AZQBuAHQAcwAAAFMAeQBzAHQAZQBtAC4ATwBiAGoAZQBjAHQATQBvAGQAZQBsAAAAAABMABYAAQBDAG8AbQBwAGEAbgB5AE4AYQBtAGUAAAAAAE0AaQBjAHIAbwBzAG8AZgB0ACAAQwBvAHIAcABvAHIAYQB0AGkAbwBuAAAATgATAAEARgBpAGwAZQBEAGUAcwBjAHIAaQBwAHQAaQBvAG4AAAAAAFMAeQBzAHQAZQBtAC4ATwBiAGoAZQBjAHQATQBvAGQAZQBsAAAAAAA6AA0AAQBGAGkAbABlAFYAZQByAHMAaQBvAG4AAAAAADQALgA2AC4AMgA1ADcAMAA4AC4AMAAxAAAAAABOABcAAQBJAG4AdABlAHIAbgBhAGwATgBhAG0AZQAAAFMAeQBzAHQAZQBtAC4ATwBiAGoAZQBjAHQATQBvAGQAZQBsAC4AZABsAGwAAAAAAIIALwABAEwAZQBnAGEAbABDAG8AcAB5AHIAaQBnAGgAdAAAAKkAIABNAGkAYwByAG8AcwBvAGYAdAAgAEMAbwByAHAAbwByAGEAdABpAG8AbgAuACAAIABBAGwAbAAgAHIAaQBnAGgAdABzACAAcgBlAHMAZQByAHYAZQBkAC4AAAAAAFYAFwABAE8AcgBpAGcAaQBuAGEAbABGAGkAbABlAG4AYQBtAGUAAABTAHkAcwB0AGUAbQAuAE8AYgBqAGUAYwB0AE0AbwBkAGUAbAAuAGQAbABsAAAAAABUABoAAQBQAHIAbwBkAHUAYwB0AE4AYQBtAGUAAAAAAE0AaQBjAHIAbwBzAG8AZgB0AK4AIAAuAE4ARQBUACAARgByAGEAbQBlAHcAbwByAGsAAAB+AC0AAQBQAHIAbwBkAHUAYwB0AFYAZQByAHMAaQBvAG4AAAA0AC4ANgAuADIANQA3ADAAOAAuADAAMQAgAGIAdQBpAGwAdAAgAGIAeQA6ACAAZABsAGEAYgAtAEQARABWAFMATwBXAEkATgBBAEcARQAwADIANAAuACAAAAAAADgACAABAEEAcwBzAGUAbQBiAGwAeQAgAFYAZQByAHMAaQBvAG4AAAA0AC4AMQAuADEALgAwAAAA","PDBPresent","","v4.0.30319"
"System.Private.StackTraceMetadata, Version=4.0.0.0, Culture=neutral, PublicKeyToken=b03f5f7f11d50a3a","","1504894034","sAQ0AAAAVgBTAF8AVgBFAFIAUwBJAE8ATgBfAEkATgBGAE8AAAAAAL0E7/4AAAEABgAEAAAAbWQAAAAAAAAAAD8AAAAAAAAABAAAAAIAAAAAAAAAAAAAAAAAAABEAAAAAQBWAGEAcgBGAGkAbABlAEkAbgBmAG8AAAAAACQABAAAAFQAcgBhAG4AcwBsAGEAdABpAG8AbgAAAAAAAACwBBAEAAABAFMAdAByAGkAbgBnAEYAaQBsAGUASQBuAGYAbwAAAOwDAAABADAAMAAwADAAMAA0AGIAMAAAAFwAIgABAEMAbwBtAG0AZQBuAHQAcwAAAFMAeQBzAHQAZQBtAC4AUAByAGkAdgBhAHQAZQAuAFMAdABhAGMAawBUAHIAYQBjAGUATQBlAHQAYQBkAGEAdABhAAAATAAWAAEAQwBvAG0AcABhAG4AeQBOAGEAbQBlAAAAAABNAGkAYwByAG8AcwBvAGYAdAAgAEMAbwByAHAAbwByAGEAdABpAG8AbgAAAGwAIgABAEYAaQBsAGUARABlAHMAYwByAGkAcAB0AGkAbwBuAAAAAABTAHkAcwB0AGUAbQAuAFAAcgBpAHYAYQB0AGUALgBTAHQAYQBjAGsAVAByAGEAYwBlAE0AZQB0AGEAZABhAHQAYQAAADoADQABAEYAaQBsAGUAVgBlAHIAcwBpAG8AbgAAAAAANAAuADYALgAyADUANwAwADkALgAwADAAAAAAAGwAJgABAEkAbgB0AGUAcgBuAGEAbABOAGEAbQBlAAAAUwB5AHMAdABlAG0ALgBQAHIAaQB2AGEAdABlAC4AUwB0AGEAYwBrAFQAcgBhAGMAZQBNAGUAdABhAGQAYQB0AGEALgBkAGwAbAAAAIIALwABAEwAZQBnAGEAbABDAG8AcAB5AHIAaQBnAGgAdAAAAKkAIABNAGkAYwByAG8AcwBvAGYAdAAgAEMAbwByAHAAbwByAGEAdABpAG8AbgAuACAAIABBAGwAbAAgAHIAaQBnAGgAdABzACAAcgBlAHMAZQByAHYAZQBkAC4AAAAAAHQAJgABAE8AcgBpAGcAaQBuAGEAbABGAGkAbABlAG4AYQBtAGUAAABTAHkAcwB0AGUAbQAuAFAAcgBpAHYAYQB0AGUALgBTAHQAYQBjAGsAVAByAGEAYwBlAE0AZQB0AGEAZABhAHQAYQAuAGQAbABsAAAAVAAaAAEAUAByAG8AZAB1AGMAdABOAGEAbQBlAAAAAABNAGkAYwByAG8AcwBvAGYAdACuACAALgBOAEUAVAAgAEYAcgBhAG0AZQB3AG8AcgBrAAAAlAA4AAEAUAByAG8AZAB1AGMAdABWAGUAcgBzAGkAbwBuAAAANAAuADYALgAyADUANwAwADkALgAwADAAIABiAHUAaQBsAHQAIABiAHkAOgAgAGQAbABhAGIALQBEAEQAQgBMAEQAMwA2ADcARAAuACAAQwBvAG0AbQBpAHQAIABIAGEAcwBoADoAIABOAC8AQQAAADgACAABAEEAcwBzAGUAbQBiAGwAeQAgAFYAZQByAHMAaQBvAG4AAAA0AC4AMAAuADAALgAwAAAA","PDBPresent","","v4.0.30319"
"System.Private.Reflection.Execution, Version=4.0.0.0, Culture=neutral, PublicKeyToken=b03f5f7f11d50a3a","","1504894041","wAQ0AAAAVgBTAF8AVgBFAFIAUwBJAE8ATgBfAEkATgBGAE8AAAAAAL0E7/4AAAEABgAEAAAAbWQAAAAAAAAAAD8AAAAAAAAABAAAAAIAAAAAAAAAAAAAAAAAAABEAAAAAQBWAGEAcgBGAGkAbABlAEkAbgBmAG8AAAAAACQABAAAAFQAcgBhAG4AcwBsAGEAdABpAG8AbgAAAAAAAACwBCAEAAABAFMAdAByAGkAbgBnAEYAaQBsAGUASQBuAGYAbwAAAPwDAAABADAAMAAwADAAMAA0AGIAMAAAAGAAJAABAEMAbwBtAG0AZQBuAHQAcwAAAFMAeQBzAHQAZQBtAC4AUAByAGkAdgBhAHQAZQAuAFIAZQBmAGwAZQBjAHQAaQBvAG4ALgBFAHgAZQBjAHUAdABpAG8AbgAAAEwAFgABAEMAbwBtAHAAYQBuAHkATgBhAG0AZQAAAAAATQBpAGMAcgBvAHMAbwBmAHQAIABDAG8AcgBwAG8AcgBhAHQAaQBvAG4AAABwACQAAQBGAGkAbABlAEQAZQBzAGMAcgBpAHAAdABpAG8AbgAAAAAAUwB5AHMAdABlAG0ALgBQAHIAaQB2AGEAdABlAC4AUgBlAGYAbABlAGMAdABpAG8AbgAuAEUAeABlAGMAdQB0AGkAbwBuAAAAOgANAAEARgBpAGwAZQBWAGUAcgBzAGkAbwBuAAAAAAA0AC4ANgAuADIANQA3ADAAOQAuADAAMAAAAAAAcAAoAAEASQBuAHQAZQByAG4AYQBsAE4AYQBtAGUAAABTAHkAcwB0AGUAbQAuAFAAcgBpAHYAYQB0AGUALgBSAGUAZgBsAGUAYwB0AGkAbwBuAC4ARQB4AGUAYwB1AHQAaQBvAG4ALgBkAGwAbAAAAIIALwABAEwAZQBnAGEAbABDAG8AcAB5AHIAaQBnAGgAdAAAAKkAIABNAGkAYwByAG8AcwBvAGYAdAAgAEMAbwByAHAAbwByAGEAdABpAG8AbgAuACAAIABBAGwAbAAgAHIAaQBnAGgAdABzACAAcgBlAHMAZQByAHYAZQBkAC4AAAAAAHgAKAABAE8AcgBpAGcAaQBuAGEAbABGAGkAbABlAG4AYQBtAGUAAABTAHkAcwB0AGUAbQAuAFAAcgBpAHYAYQB0AGUALgBSAGUAZgBsAGUAYwB0AGkAbwBuAC4ARQB4AGUAYwB1AHQAaQBvAG4ALgBkAGwAbAAAAFQAGgABAFAAcgBvAGQAdQBjAHQATgBhAG0AZQAAAAAATQBpAGMAcgBvAHMAbwBmAHQArgAgAC4ATgBFAFQAIABGAHIAYQBtAGUAdwBvAHIAawAAAJQAOAABAFAAcgBvAGQAdQBjAHQAVgBlAHIAcwBpAG8AbgAAADQALgA2AC4AMgA1ADcAMAA5AC4AMAAwACAAYgB1AGkAbAB0ACAAYgB5ADoAIABkAGwAYQBiAC0ARABEAEIATABEADMANgA3AEQALgAgAEMAbwBtAG0AaQB0ACAASABhAHMAaAA6ACAATgAvAEEAAAA4AAgAAQBBAHMAcwBlAG0AYgBsAHkAIABWAGUAcgBzAGkAbwBuAAAANAAuADAALgAwAC4AMAAAAA==","PDBPresent","","v4.0.30319"
"System.Diagnostics.Tools, Version=4.1.1.0, Culture=neutral, PublicKeyToken=b03f5f7f11d50a3a","","1504834539","XAQ0AAAAVgBTAF8AVgBFAFIAUwBJAE8ATgBfAEkATgBGAE8AAAAAAL0E7/4AAAEABgAEAAEAbGQAAAAAAAAAAD8AAAAAAAAABAAAAAIAAAAAAAAAAAAAAAAAAABEAAAAAQBWAGEAcgBGAGkAbABlAEkAbgBmAG8AAAAAACQABAAAAFQAcgBhAG4AcwBsAGEAdABpAG8AbgAAAAAAAACwBLwDAAABAFMAdAByAGkAbgBnAEYAaQBsAGUASQBuAGYAbwAAAJgDAAABADAAMAAwADAAMAA0AGIAMAAAAEoAGQABAEMAbwBtAG0AZQBuAHQAcwAAAFMAeQBzAHQAZQBtAC4ARABpAGEAZwBuAG8AcwB0AGkAYwBzAC4AVABvAG8AbABzAAAAAABMABYAAQBDAG8AbQBwAGEAbgB5AE4AYQBtAGUAAAAAAE0AaQBjAHIAbwBzAG8AZgB0ACAAQwBvAHIAcABvAHIAYQB0AGkAbwBuAAAAWgAZAAEARgBpAGwAZQBEAGUAcwBjAHIAaQBwAHQAaQBvAG4AAAAAAFMAeQBzAHQAZQBtAC4ARABpAGEAZwBuAG8AcwB0AGkAYwBzAC4AVABvAG8AbABzAAAAAAA6AA0AAQBGAGkAbABlAFYAZQByAHMAaQBvAG4AAAAAADQALgA2AC4AMgA1ADcAMAA4AC4AMAAxAAAAAABaAB0AAQBJAG4AdABlAHIAbgBhAGwATgBhAG0AZQAAAFMAeQBzAHQAZQBtAC4ARABpAGEAZwBuAG8AcwB0AGkAYwBzAC4AVABvAG8AbABzAC4AZABsAGwAAAAAAIIALwABAEwAZQBnAGEAbABDAG8AcAB5AHIAaQBnAGgAdAAAAKkAIABNAGkAYwByAG8AcwBvAGYAdAAgAEMAbwByAHAAbwByAGEAdABpAG8AbgAuACAAIABBAGwAbAAgAHIAaQBnAGgAdABzACAAcgBlAHMAZQByAHYAZQBkAC4AAAAAAGIAHQABAE8AcgBpAGcAaQBuAGEAbABGAGkAbABlAG4AYQBtAGUAAABTAHkAcwB0AGUAbQAuAEQAaQBhAGcAbgBvAHMAdABpAGMAcwAuAFQAbwBvAGwAcwAuAGQAbABsAAAAAABUABoAAQBQAHIAbwBkAHUAYwB0AE4AYQBtAGUAAAAAAE0AaQBjAHIAbwBzAG8AZgB0AK4AIAAuAE4ARQBUACAARgByAGEAbQBlAHcAbwByAGsAAAB+AC0AAQBQAHIAbwBkAHUAYwB0AFYAZQByAHMAaQBvAG4AAAA0AC4ANgAuADIANQA3ADAAOAAuADAAMQAgAGIAdQBpAGwAdAAgAGIAeQA6ACAAZABsAGEAYgAtAEQARABWAFMATwBXAEkATgBBAEcARQAwADIANAAuACAAAAAAADgACAABAEEAcwBzAGUAbQBiAGwAeQAgAFYAZQByAHMAaQBvAG4AAAA0AC4AMQAuADEALgAwAAAA","PDBPresent","","v4.0.30319"
"System.Collections, Version=4.1.1.0, Culture=neutral, PublicKeyToken=b03f5f7f11d50a3a","","1504834549","LAQ0AAAAVgBTAF8AVgBFAFIAUwBJAE8ATgBfAEkATgBGAE8AAAAAAL0E7/4AAAEABgAEAAEAbGQAAAAAAAAAAD8AAAAAAAAABAAAAAIAAAAAAAAAAAAAAAAAAABEAAAAAQBWAGEAcgBGAGkAbABlAEkAbgBmAG8AAAAAACQABAAAAFQAcgBhAG4AcwBsAGEAdABpAG8AbgAAAAAAAACwBIwDAAABAFMAdAByAGkAbgBnAEYAaQBsAGUASQBuAGYAbwAAAGgDAAABADAAMAAwADAAMAA0AGIAMAAAAD4AEwABAEMAbwBtAG0AZQBuAHQAcwAAAFMAeQBzAHQAZQBtAC4AQwBvAGwAbABlAGMAdABpAG8AbgBzAAAAAABMABYAAQBDAG8AbQBwAGEAbgB5AE4AYQBtAGUAAAAAAE0AaQBjAHIAbwBzAG8AZgB0ACAAQwBvAHIAcABvAHIAYQB0AGkAbwBuAAAATgATAAEARgBpAGwAZQBEAGUAcwBjAHIAaQBwAHQAaQBvAG4AAAAAAFMAeQBzAHQAZQBtAC4AQwBvAGwAbABlAGMAdABpAG8AbgBzAAAAAAA6AA0AAQBGAGkAbABlAFYAZQByAHMAaQBvAG4AAAAAADQALgA2AC4AMgA1ADcAMAA4AC4AMAAxAAAAAABOABcAAQBJAG4AdABlAHIAbgBhAGwATgBhAG0AZQAAAFMAeQBzAHQAZQBtAC4AQwBvAGwAbABlAGMAdABpAG8AbgBzAC4AZABsAGwAAAAAAIIALwABAEwAZQBnAGEAbABDAG8AcAB5AHIAaQBnAGgAdAAAAKkAIABNAGkAYwByAG8AcwBvAGYAdAAgAEMAbwByAHAAbwByAGEAdABpAG8AbgAuACAAIABBAGwAbAAgAHIAaQBnAGgAdABzACAAcgBlAHMAZQByAHYAZQBkAC4AAAAAAFYAFwABAE8AcgBpAGcAaQBuAGEAbABGAGkAbABlAG4AYQBtAGUAAABTAHkAcwB0AGUAbQAuAEMAbwBsAGwAZQBjAHQAaQBvAG4AcwAuAGQAbABsAAAAAABUABoAAQBQAHIAbwBkAHUAYwB0AE4AYQBtAGUAAAAAAE0AaQBjAHIAbwBzAG8AZgB0AK4AIAAuAE4ARQBUACAARgByAGEAbQBlAHcAbwByAGsAAAB+AC0AAQBQAHIAbwBkAHUAYwB0AFYAZQByAHMAaQBvAG4AAAA0AC4ANgAuADIANQA3ADAAOAAuADAAMQAgAGIAdQBpAGwAdAAgAGIAeQA6ACAAZABsAGEAYgAtAEQARABWAFMATwBXAEkATgBBAEcARQAwADIANAAuACAAAAAAADgACAABAEEAcwBzAGUAbQBiAGwAeQAgAFYAZQByAHMAaQBvAG4AAAA0AC4AMQAuADEALgAwAAAA","PDBPresent","","v4.0.30319"
"System.Collections.Concurrent, Version=4.0.14.0, Culture=neutral, PublicKeyToken=b03f5f7f11d50a3a","","1504834562","fgQ0AAAAVgBTAF8AVgBFAFIAUwBJAE8ATgBfAEkATgBGAE8AAAAAAL0E7/4AAAEABgAEAAEAbGQAAAAAAAAAAD8AAAAAAAAABAAAAAIAAAAAAAAAAAAAAAAAAABEAAAAAQBWAGEAcgBGAGkAbABlAEkAbgBmAG8AAAAAACQABAAAAFQAcgBhAG4AcwBsAGEAdABpAG8AbgAAAAAAAACwBN4DAAABAFMAdAByAGkAbgBnAEYAaQBsAGUASQBuAGYAbwAAALoDAAABADAAMAAwADAAMAA0AGIAMAAAAFQAHgABAEMAbwBtAG0AZQBuAHQAcwAAAFMAeQBzAHQAZQBtAC4AQwBvAGwAbABlAGMAdABpAG8AbgBzAC4AQwBvAG4AYwB1AHIAcgBlAG4AdAAAAEwAFgABAEMAbwBtAHAAYQBuAHkATgBhAG0AZQAAAAAATQBpAGMAcgBvAHMAbwBmAHQAIABDAG8AcgBwAG8AcgBhAHQAaQBvAG4AAABkAB4AAQBGAGkAbABlAEQAZQBzAGMAcgBpAHAAdABpAG8AbgAAAAAAUwB5AHMAdABlAG0ALgBDAG8AbABsAGUAYwB0AGkAbwBuAHMALgBDAG8AbgBjAHUAcgByAGUAbgB0AAAAOgANAAEARgBpAGwAZQBWAGUAcgBzAGkAbwBuAAAAAAA0AC4ANgAuADIANQA3ADAAOAAuADAAMQAAAAAAZAAiAAEASQBuAHQAZQByAG4AYQBsAE4AYQBtAGUAAABTAHkAcwB0AGUAbQAuAEMAbwBsAGwAZQBjAHQAaQBvAG4AcwAuAEMAbwBuAGMAdQByAHIAZQBuAHQALgBkAGwAbAAAAIIALwABAEwAZQBnAGEAbABDAG8AcAB5AHIAaQBnAGgAdAAAAKkAIABNAGkAYwByAG8AcwBvAGYAdAAgAEMAbwByAHAAbwByAGEAdABpAG8AbgAuACAAIABBAGwAbAAgAHIAaQBnAGgAdABzACAAcgBlAHMAZQByAHYAZQBkAC4AAAAAAGwAIgABAE8AcgBpAGcAaQBuAGEAbABGAGkAbABlAG4AYQBtAGUAAABTAHkAcwB0AGUAbQAuAEMAbwBsAGwAZQBjAHQAaQBvAG4AcwAuAEMAbwBuAGMAdQByAHIAZQBuAHQALgBkAGwAbAAAAFQAGgABAFAAcgBvAGQAdQBjAHQATgBhAG0AZQAAAAAATQBpAGMAcgBvAHMAbwBmAHQArgAgAC4ATgBFAFQAIABGAHIAYQBtAGUAdwBvAHIAawAAAH4ALQABAFAAcgBvAGQAdQBjAHQAVgBlAHIAcwBpAG8AbgAAADQALgA2AC4AMgA1ADcAMAA4AC4AMAAxACAAYgB1AGkAbAB0ACAAYgB5ADoAIABkAGwAYQBiAC0ARABEAFYAUwBPAFcASQBOAEEARwBFADAAMgA0AC4AIAAAAAAAOgAJAAEAQQBzAHMAZQBtAGIAbAB5ACAAVgBlAHIAcwBpAG8AbgAAADQALgAwAC4AMQA0AC4AMAAAAA==","PDBPresent","","v4.0.30319"
"System.Linq, Version=4.2.1.0, Culture=neutral, PublicKeyToken=b03f5f7f11d50a3a","","1504834550","7AM0AAAAVgBTAF8AVgBFAFIAUwBJAE8ATgBfAEkATgBGAE8AAAAAAL0E7/4AAAEABgAEAAEAbGQAAAAAAAAAAD8AAAAAAAAABAAAAAIAAAAAAAAAAAAAAAAAAABEAAAAAQBWAGEAcgBGAGkAbABlAEkAbgBmAG8AAAAAACQABAAAAFQAcgBhAG4AcwBsAGEAdABpAG8AbgAAAAAAAACwBEwDAAABAFMAdAByAGkAbgBnAEYAaQBsAGUASQBuAGYAbwAAACgDAAABADAAMAAwADAAMAA0AGIAMAAAADAADAABAEMAbwBtAG0AZQBuAHQAcwAAAFMAeQBzAHQAZQBtAC4ATABpAG4AcQAAAEwAFgABAEMAbwBtAHAAYQBuAHkATgBhAG0AZQAAAAAATQBpAGMAcgBvAHMAbwBmAHQAIABDAG8AcgBwAG8AcgBhAHQAaQBvAG4AAABAAAwAAQBGAGkAbABlAEQAZQBzAGMAcgBpAHAAdABpAG8AbgAAAAAAUwB5AHMAdABlAG0ALgBMAGkAbgBxAAAAOgANAAEARgBpAGwAZQBWAGUAcgBzAGkAbwBuAAAAAAA0AC4ANgAuADIANQA3ADAAOAAuADAAMQAAAAAAQAAQAAEASQBuAHQAZQByAG4AYQBsAE4AYQBtAGUAAABTAHkAcwB0AGUAbQAuAEwAaQBuAHEALgBkAGwAbAAAAIIALwABAEwAZQBnAGEAbABDAG8AcAB5AHIAaQBnAGgAdAAAAKkAIABNAGkAYwByAG8AcwBvAGYAdAAgAEMAbwByAHAAbwByAGEAdABpAG8AbgAuACAAIABBAGwAbAAgAHIAaQBnAGgAdABzACAAcgBlAHMAZQByAHYAZQBkAC4AAAAAAEgAEAABAE8AcgBpAGcAaQBuAGEAbABGAGkAbABlAG4AYQBtAGUAAABTAHkAcwB0AGUAbQAuAEwAaQBuAHEALgBkAGwAbAAAAFQAGgABAFAAcgBvAGQAdQBjAHQATgBhAG0AZQAAAAAATQBpAGMAcgBvAHMAbwBmAHQArgAgAC4ATgBFAFQAIABGAHIAYQBtAGUAdwBvAHIAawAAAH4ALQABAFAAcgBvAGQAdQBjAHQAVgBlAHIAcwBpAG8AbgAAADQALgA2AC4AMgA1ADcAMAA4AC4AMAAxACAAYgB1AGkAbAB0ACAAYgB5ADoAIABkAGwAYQBiAC0ARABEAFYAUwBPAFcASQBOAEEARwBFADAAMgA0AC4AIAAAAAAAOAAIAAEAQQBzAHMAZQBtAGIAbAB5ACAAVgBlAHIAcwBpAG8AbgAAADQALgAyAC4AMQAuADAAAAA=","PDBPresent","","v4.0.30319"
"System.Linq.Expressions, Version=4.2.1.0, Culture=neutral, PublicKeyToken=b03f5f7f11d50a3a","","1504834552","TAQ0AAAAVgBTAF8AVgBFAFIAUwBJAE8ATgBfAEkATgBGAE8AAAAAAL0E7/4AAAEABgAEAAEAbGQAAAAAAAAAAD8AAAAAAAAABAAAAAIAAAAAAAAAAAAAAAAAAABEAAAAAQBWAGEAcgBGAGkAbABlAEkAbgBmAG8AAAAAACQABAAAAFQAcgBhAG4AcwBsAGEAdABpAG8AbgAAAAAAAACwBKwDAAABAFMAdAByAGkAbgBnAEYAaQBsAGUASQBuAGYAbwAAAIgDAAABADAAMAAwADAAMAA0AGIAMAAAAEgAGAABAEMAbwBtAG0AZQBuAHQAcwAAAFMAeQBzAHQAZQBtAC4ATABpAG4AcQAuAEUAeABwAHIAZQBzAHMAaQBvAG4AcwAAAEwAFgABAEMAbwBtAHAAYQBuAHkATgBhAG0AZQAAAAAATQBpAGMAcgBvAHMAbwBmAHQAIABDAG8AcgBwAG8AcgBhAHQAaQBvAG4AAABYABgAAQBGAGkAbABlAEQAZQBzAGMAcgBpAHAAdABpAG8AbgAAAAAAUwB5AHMAdABlAG0ALgBMAGkAbgBxAC4ARQB4AHAAcgBlAHMAcwBpAG8AbgBzAAAAOgANAAEARgBpAGwAZQBWAGUAcgBzAGkAbwBuAAAAAAA0AC4ANgAuADIANQA3ADAAOAAuADAAMQAAAAAAWAAcAAEASQBuAHQAZQByAG4AYQBsAE4AYQBtAGUAAABTAHkAcwB0AGUAbQAuAEwAaQBuAHEALgBFAHgAcAByAGUAcwBzAGkAbwBuAHMALgBkAGwAbAAAAIIALwABAEwAZQBnAGEAbABDAG8AcAB5AHIAaQBnAGgAdAAAAKkAIABNAGkAYwByAG8AcwBvAGYAdAAgAEMAbwByAHAAbwByAGEAdABpAG8AbgAuACAAIABBAGwAbAAgAHIAaQBnAGgAdABzACAAcgBlAHMAZQByAHYAZQBkAC4AAAAAAGAAHAABAE8AcgBpAGcAaQBuAGEAbABGAGkAbABlAG4AYQBtAGUAAABTAHkAcwB0AGUAbQAuAEwAaQBuAHEALgBFAHgAcAByAGUAcwBzAGkAbwBuAHMALgBkAGwAbAAAAFQAGgABAFAAcgBvAGQAdQBjAHQATgBhAG0AZQAAAAAATQBpAGMAcgBvAHMAbwBmAHQArgAgAC4ATgBFAFQAIABGAHIAYQBtAGUAdwBvAHIAawAAAH4ALQABAFAAcgBvAGQAdQBjAHQAVgBlAHIAcwBpAG8AbgAAADQALgA2AC4AMgA1ADcAMAA4AC4AMAAxACAAYgB1AGkAbAB0ACAAYgB5ADoAIABkAGwAYQBiAC0ARABEAFYAUwBPAFcASQBOAEEARwBFADAAMgA0AC4AIAAAAAAAOAAIAAEAQQBzAHMAZQBtAGIAbAB5ACAAVgBlAHIAcwBpAG8AbgAAADQALgAyAC4AMQAuADAAAAA=","PDBPresent","","v4.0.30319"
"System.Private.Interop, Version=999.999.999.999, Culture=neutral, PublicKeyToken=b03f5f7f11d50a3a","","1504894035","bAQ0AAAAVgBTAF8AVgBFAFIAUwBJAE8ATgBfAEkATgBGAE8AAAAAAL0E7/4AAAEABgAEAAAAu2MAAAAAAAAAAD8AAAAAAAAABAAAAAIAAAAAAAAAAAAAAAAAAABEAAAAAQBWAGEAcgBGAGkAbABlAEkAbgBmAG8AAAAAACQABAAAAFQAcgBhAG4AcwBsAGEAdABpAG8AbgAAAAAAAACwBMwDAAABAFMAdAByAGkAbgBnAEYAaQBsAGUASQBuAGYAbwAAAKgDAAABADAAMAAwADAAMAA0AGIAMAAAAEYAFwABAEMAbwBtAG0AZQBuAHQAcwAAAFMAeQBzAHQAZQBtAC4AUAByAGkAdgBhAHQAZQAuAEkAbgB0AGUAcgBvAHAAAAAAAEwAFgABAEMAbwBtAHAAYQBuAHkATgBhAG0AZQAAAAAATQBpAGMAcgBvAHMAbwBmAHQAIABDAG8AcgBwAG8AcgBhAHQAaQBvAG4AAABWABcAAQBGAGkAbABlAEQAZQBzAGMAcgBpAHAAdABpAG8AbgAAAAAAUwB5AHMAdABlAG0ALgBQAHIAaQB2AGEAdABlAC4ASQBuAHQAZQByAG8AcAAAAAAAOAAMAAEARgBpAGwAZQBWAGUAcgBzAGkAbwBuAAAAAAA0AC4ANgAuADIANQA1ADMAMQAuADAAAABWABsAAQBJAG4AdABlAHIAbgBhAGwATgBhAG0AZQAAAFMAeQBzAHQAZQBtAC4AUAByAGkAdgBhAHQAZQAuAEkAbgB0AGUAcgBvAHAALgBkAGwAbAAAAAAAggAvAAEATABlAGcAYQBsAEMAbwBwAHkAcgBpAGcAaAB0AAAAqQAgAE0AaQBjAHIAbwBzAG8AZgB0ACAAQwBvAHIAcABvAHIAYQB0AGkAbwBuAC4AIAAgAEEAbABsACAAcgBpAGcAaAB0AHMAIAByAGUAcwBlAHIAdgBlAGQALgAAAAAAXgAbAAEATwByAGkAZwBpAG4AYQBsAEYAaQBsAGUAbgBhAG0AZQAAAFMAeQBzAHQAZQBtAC4AUAByAGkAdgBhAHQAZQAuAEkAbgB0AGUAcgBvAHAALgBkAGwAbAAAAAAAVAAaAAEAUAByAG8AZAB1AGMAdABOAGEAbQBlAAAAAABNAGkAYwByAG8AcwBvAGYAdACuACAALgBOAEUAVAAgAEYAcgBhAG0AZQB3AG8AcgBrAAAAkgA3AAEAUAByAG8AZAB1AGMAdABWAGUAcgBzAGkAbwBuAAAANAAuADYALgAyADUANQAzADEALgAwACAAYgB1AGkAbAB0ACAAYgB5ADoAIABkAGwAYQBiAC0ARABEAEIATABEADMANgA3AEQALgAgAEMAbwBtAG0AaQB0ACAASABhAHMAaAA6ACAATgAvAEEAAAAAAEgAEAABAEEAcwBzAGUAbQBiAGwAeQAgAFYAZQByAHMAaQBvAG4AAAA5ADkAOQAuADkAOQA5AC4AOQA5ADkALgA5ADkAOQAAAA==","PDBPresent","","v4.0.30319"
"System.Private.Reflection.Core, Version=4.0.0.0, Culture=neutral, PublicKeyToken=b03f5f7f11d50a3a","","1504894038","oAQ0AAAAVgBTAF8AVgBFAFIAUwBJAE8ATgBfAEkATgBGAE8AAAAAAL0E7/4AAAEABgAEAAAAbWQAAAAAAAAAAD8AAAAAAAAABAAAAAIAAAAAAAAAAAAAAAAAAABEAAAAAQBWAGEAcgBGAGkAbABlAEkAbgBmAG8AAAAAACQABAAAAFQAcgBhAG4AcwBsAGEAdABpAG8AbgAAAAAAAACwBAAEAAABAFMAdAByAGkAbgBnAEYAaQBsAGUASQBuAGYAbwAAANwDAAABADAAMAAwADAAMAA0AGIAMAAAAFYAHwABAEMAbwBtAG0AZQBuAHQAcwAAAFMAeQBzAHQAZQBtAC4AUAByAGkAdgBhAHQAZQAuAFIAZQBmAGwAZQBjAHQAaQBvAG4ALgBDAG8AcgBlAAAAAABMABYAAQBDAG8AbQBwAGEAbgB5AE4AYQBtAGUAAAAAAE0AaQBjAHIAbwBzAG8AZgB0ACAAQwBvAHIAcABvAHIAYQB0AGkAbwBuAAAAZgAfAAEARgBpAGwAZQBEAGUAcwBjAHIAaQBwAHQAaQBvAG4AAAAAAFMAeQBzAHQAZQBtAC4AUAByAGkAdgBhAHQAZQAuAFIAZQBmAGwAZQBjAHQAaQBvAG4ALgBDAG8AcgBlAAAAAAA6AA0AAQBGAGkAbABlAFYAZQByAHMAaQBvAG4AAAAAADQALgA2AC4AMgA1ADcAMAA5AC4AMAAwAAAAAABmACMAAQBJAG4AdABlAHIAbgBhAGwATgBhAG0AZQAAAFMAeQBzAHQAZQBtAC4AUAByAGkAdgBhAHQAZQAuAFIAZQBmAGwAZQBjAHQAaQBvAG4ALgBDAG8AcgBlAC4AZABsAGwAAAAAAIIALwABAEwAZQBnAGEAbABDAG8AcAB5AHIAaQBnAGgAdAAAAKkAIABNAGkAYwByAG8AcwBvAGYAdAAgAEMAbwByAHAAbwByAGEAdABpAG8AbgAuACAAIABBAGwAbAAgAHIAaQBnAGgAdABzACAAcgBlAHMAZQByAHYAZQBkAC4AAAAAAG4AIwABAE8AcgBpAGcAaQBuAGEAbABGAGkAbABlAG4AYQBtAGUAAABTAHkAcwB0AGUAbQAuAFAAcgBpAHYAYQB0AGUALgBSAGUAZgBsAGUAYwB0AGkAbwBuAC4AQwBvAHIAZQAuAGQAbABsAAAAAABUABoAAQBQAHIAbwBkAHUAYwB0AE4AYQBtAGUAAAAAAE0AaQBjAHIAbwBzAG8AZgB0AK4AIAAuAE4ARQBUACAARgByAGEAbQBlAHcAbwByAGsAAACUADgAAQBQAHIAbwBkAHUAYwB0AFYAZQByAHMAaQBvAG4AAAA0AC4ANgAuADIANQA3ADAAOQAuADAAMAAgAGIAdQBpAGwAdAAgAGIAeQA6ACAAZABsAGEAYgAtAEQARABCAEwARAAzADYANwBEAC4AIABDAG8AbQBtAGkAdAAgAEgAYQBzAGgAOgAgAE4ALwBBAAAAOAAIAAEAQQBzAHMAZQBtAGIAbAB5ACAAVgBlAHIAcwBpAG8AbgAAADQALgAwAC4AMAAuADAAAAA=","PDBPresent","","v4.0.30319"
"System.Private.Reflection.Metadata, Version=4.0.0.0, Culture=neutral, PublicKeyToken=b03f5f7f11d50a3a","","1504894026","wAQ0AAAAVgBTAF8AVgBFAFIAUwBJAE8ATgBfAEkATgBGAE8AAAAAAL0E7/4AAAEABgAEAAAAbWQAAAAAAAAAAD8AAAAAAAAABAAAAAIAAAAAAAAAAAAAAAAAAABEAAAAAQBWAGEAcgBGAGkAbABlAEkAbgBmAG8AAAAAACQABAAAAFQAcgBhAG4AcwBsAGEAdABpAG8AbgAAAAAAAACwBCAEAAABAFMAdAByAGkAbgBnAEYAaQBsAGUASQBuAGYAbwAAAPwDAAABADAAMAAwADAAMAA0AGIAMAAAAF4AIwABAEMAbwBtAG0AZQBuAHQAcwAAAFMAeQBzAHQAZQBtAC4AUAByAGkAdgBhAHQAZQAuAFIAZQBmAGwAZQBjAHQAaQBvAG4ALgBNAGUAdABhAGQAYQB0AGEAAAAAAEwAFgABAEMAbwBtAHAAYQBuAHkATgBhAG0AZQAAAAAATQBpAGMAcgBvAHMAbwBmAHQAIABDAG8AcgBwAG8AcgBhAHQAaQBvAG4AAABuACMAAQBGAGkAbABlAEQAZQBzAGMAcgBpAHAAdABpAG8AbgAAAAAAUwB5AHMAdABlAG0ALgBQAHIAaQB2AGEAdABlAC4AUgBlAGYAbABlAGMAdABpAG8AbgAuAE0AZQB0AGEAZABhAHQAYQAAAAAAOgANAAEARgBpAGwAZQBWAGUAcgBzAGkAbwBuAAAAAAA0AC4ANgAuADIANQA3ADAAOQAuADAAMAAAAAAAbgAnAAEASQBuAHQAZQByAG4AYQBsAE4AYQBtAGUAAABTAHkAcwB0AGUAbQAuAFAAcgBpAHYAYQB0AGUALgBSAGUAZgBsAGUAYwB0AGkAbwBuAC4ATQBlAHQAYQBkAGEAdABhAC4AZABsAGwAAAAAAIIALwABAEwAZQBnAGEAbABDAG8AcAB5AHIAaQBnAGgAdAAAAKkAIABNAGkAYwByAG8AcwBvAGYAdAAgAEMAbwByAHAAbwByAGEAdABpAG8AbgAuACAAIABBAGwAbAAgAHIAaQBnAGgAdABzACAAcgBlAHMAZQByAHYAZQBkAC4AAAAAAHYAJwABAE8AcgBpAGcAaQBuAGEAbABGAGkAbABlAG4AYQBtAGUAAABTAHkAcwB0AGUAbQAuAFAAcgBpAHYAYQB0AGUALgBSAGUAZgBsAGUAYwB0AGkAbwBuAC4ATQBlAHQAYQBkAGEAdABhAC4AZABsAGwAAAAAAFQAGgABAFAAcgBvAGQAdQBjAHQATgBhAG0AZQAAAAAATQBpAGMAcgBvAHMAbwBmAHQArgAgAC4ATgBFAFQAIABGAHIAYQBtAGUAdwBvAHIAawAAAJQAOAABAFAAcgBvAGQAdQBjAHQAVgBlAHIAcwBpAG8AbgAAADQALgA2AC4AMgA1ADcAMAA5AC4AMAAwACAAYgB1AGkAbAB0ACAAYgB5ADoAIABkAGwAYQBiAC0ARABEAEIATABEADMANgA3AEQALgAgAEMAbwBtAG0AaQB0ACAASABhAHMAaAA6ACAATgAvAEEAAAA4AAgAAQBBAHMAcwBlAG0AYgBsAHkAIABWAGUAcgBzAGkAbwBuAAAANAAuADAALgAwAC4AMAAAAA==","PDBPresent","","v4.0.30319"
"System.Private.Threading, Version=4.0.0.0, Culture=neutral, PublicKeyToken=b03f5f7f11d50a3a","","1504894024","cAQ0AAAAVgBTAF8AVgBFAFIAUwBJAE8ATgBfAEkATgBGAE8AAAAAAL0E7/4AAAEABgAEAAAAbWQAAAAAAAAAAD8AAAAAAAAABAAAAAIAAAAAAAAAAAAAAAAAAABEAAAAAQBWAGEAcgBGAGkAbABlAEkAbgBmAG8AAAAAACQABAAAAFQAcgBhAG4AcwBsAGEAdABpAG8AbgAAAAAAAACwBNADAAABAFMAdAByAGkAbgBnAEYAaQBsAGUASQBuAGYAbwAAAKwDAAABADAAMAAwADAAMAA0AGIAMAAAAEoAGQABAEMAbwBtAG0AZQBuAHQAcwAAAFMAeQBzAHQAZQBtAC4AUAByAGkAdgBhAHQAZQAuAFQAaAByAGUAYQBkAGkAbgBnAAAAAABMABYAAQBDAG8AbQBwAGEAbgB5AE4AYQBtAGUAAAAAAE0AaQBjAHIAbwBzAG8AZgB0ACAAQwBvAHIAcABvAHIAYQB0AGkAbwBuAAAAWgAZAAEARgBpAGwAZQBEAGUAcwBjAHIAaQBwAHQAaQBvAG4AAAAAAFMAeQBzAHQAZQBtAC4AUAByAGkAdgBhAHQAZQAuAFQAaAByAGUAYQBkAGkAbgBnAAAAAAA6AA0AAQBGAGkAbABlAFYAZQByAHMAaQBvAG4AAAAAADQALgA2AC4AMgA1ADcAMAA5AC4AMAAwAAAAAABaAB0AAQBJAG4AdABlAHIAbgBhAGwATgBhAG0AZQAAAFMAeQBzAHQAZQBtAC4AUAByAGkAdgBhAHQAZQAuAFQAaAByAGUAYQBkAGkAbgBnAC4AZABsAGwAAAAAAIIALwABAEwAZQBnAGEAbABDAG8AcAB5AHIAaQBnAGgAdAAAAKkAIABNAGkAYwByAG8AcwBvAGYAdAAgAEMAbwByAHAAbwByAGEAdABpAG8AbgAuACAAIABBAGwAbAAgAHIAaQBnAGgAdABzACAAcgBlAHMAZQByAHYAZQBkAC4AAAAAAGIAHQABAE8AcgBpAGcAaQBuAGEAbABGAGkAbABlAG4AYQBtAGUAAABTAHkAcwB0AGUAbQAuAFAAcgBpAHYAYQB0AGUALgBUAGgAcgBlAGEAZABpAG4AZwAuAGQAbABsAAAAAABUABoAAQBQAHIAbwBkAHUAYwB0AE4AYQBtAGUAAAAAAE0AaQBjAHIAbwBzAG8AZgB0AK4AIAAuAE4ARQBUACAARgByAGEAbQBlAHcAbwByAGsAAACUADgAAQBQAHIAbwBkAHUAYwB0AFYAZQByAHMAaQBvAG4AAAA0AC4ANgAuADIANQA3ADAAOQAuADAAMAAgAGIAdQBpAGwAdAAgAGIAeQA6ACAAZABsAGEAYgAtAEQARABCAEwARAAzADYANwBEAC4AIABDAG8AbQBtAGkAdAAgAEgAYQBzAGgAOgAgAE4ALwBBAAAAOAAIAAEAQQBzAHMAZQBtAGIAbAB5ACAAVgBlAHIAcwBpAG8AbgAAADQALgAwAC4AMAAuADAAAAA=","PDBPresent","","v4.0.30319"
"System.Private.TypeLoader, Version=4.0.0.0, Culture=neutral, PublicKeyToken=b03f5f7f11d50a3a","","1504894032","cAQ0AAAAVgBTAF8AVgBFAFIAUwBJAE8ATgBfAEkATgBGAE8AAAAAAL0E7/4AAAEABgAEAAAAbWQAAAAAAAAAAD8AAAAAAAAABAAAAAIAAAAAAAAAAAAAAAAAAABEAAAAAQBWAGEAcgBGAGkAbABlAEkAbgBmAG8AAAAAACQABAAAAFQAcgBhAG4AcwBsAGEAdABpAG8AbgAAAAAAAACwBNADAAABAFMAdAByAGkAbgBnAEYAaQBsAGUASQBuAGYAbwAAAKwDAAABADAAMAAwADAAMAA0AGIAMAAAAEwAGgABAEMAbwBtAG0AZQBuAHQAcwAAAFMAeQBzAHQAZQBtAC4AUAByAGkAdgBhAHQAZQAuAFQAeQBwAGUATABvAGEAZABlAHIAAABMABYAAQBDAG8AbQBwAGEAbgB5AE4AYQBtAGUAAAAAAE0AaQBjAHIAbwBzAG8AZgB0ACAAQwBvAHIAcABvAHIAYQB0AGkAbwBuAAAAXAAaAAEARgBpAGwAZQBEAGUAcwBjAHIAaQBwAHQAaQBvAG4AAAAAAFMAeQBzAHQAZQBtAC4AUAByAGkAdgBhAHQAZQAuAFQAeQBwAGUATABvAGEAZABlAHIAAAA6AA0AAQBGAGkAbABlAFYAZQByAHMAaQBvAG4AAAAAADQALgA2AC4AMgA1ADcAMAA5AC4AMAAwAAAAAABcAB4AAQBJAG4AdABlAHIAbgBhAGwATgBhAG0AZQAAAFMAeQBzAHQAZQBtAC4AUAByAGkAdgBhAHQAZQAuAFQAeQBwAGUATABvAGEAZABlAHIALgBkAGwAbAAAAIIALwABAEwAZQBnAGEAbABDAG8AcAB5AHIAaQBnAGgAdAAAAKkAIABNAGkAYwByAG8AcwBvAGYAdAAgAEMAbwByAHAAbwByAGEAdABpAG8AbgAuACAAIABBAGwAbAAgAHIAaQBnAGgAdABzACAAcgBlAHMAZQByAHYAZQBkAC4AAAAAAGQAHgABAE8AcgBpAGcAaQBuAGEAbABGAGkAbABlAG4AYQBtAGUAAABTAHkAcwB0AGUAbQAuAFAAcgBpAHYAYQB0AGUALgBUAHkAcABlAEwAbwBhAGQAZQByAC4AZABsAGwAAABUABoAAQBQAHIAbwBkAHUAYwB0AE4AYQBtAGUAAAAAAE0AaQBjAHIAbwBzAG8AZgB0AK4AIAAuAE4ARQBUACAARgByAGEAbQBlAHcAbwByAGsAAACUADgAAQBQAHIAbwBkAHUAYwB0AFYAZQByAHMAaQBvAG4AAAA0AC4ANgAuADIANQA3ADAAOQAuADAAMAAgAGIAdQBpAGwAdAAgAGIAeQA6ACAAZABsAGEAYgAtAEQARABCAEwARAAzADYANwBEAC4AIABDAG8AbQBtAGkAdAAgAEgAYQBzAGgAOgAgAE4ALwBBAAAAOAAIAAEAQQBzAHMAZQBtAGIAbAB5ACAAVgBlAHIAcwBpAG8AbgAAADQALgAwAC4AMAAuADAAAAA=","PDBPresent","","v4.0.30319"
"System.Private.Uri, Version=4.0.5.0, Culture=neutral, PublicKeyToken=b03f5f7f11d50a3a","","1504834540","LAQ0AAAAVgBTAF8AVgBFAFIAUwBJAE8ATgBfAEkATgBGAE8AAAAAAL0E7/4AAAEABgAEAAEAbGQAAAAAAAAAAD8AAAAAAAAABAAAAAIAAAAAAAAAAAAAAAAAAABEAAAAAQBWAGEAcgBGAGkAbABlAEkAbgBmAG8AAAAAACQABAAAAFQAcgBhAG4AcwBsAGEAdABpAG8AbgAAAAAAAACwBIwDAAABAFMAdAByAGkAbgBnAEYAaQBsAGUASQBuAGYAbwAAAGgDAAABADAAMAAwADAAMAA0AGIAMAAAAD4AEwABAEMAbwBtAG0AZQBuAHQAcwAAAFMAeQBzAHQAZQBtAC4AUAByAGkAdgBhAHQAZQAuAFUAcgBpAAAAAABMABYAAQBDAG8AbQBwAGEAbgB5AE4AYQBtAGUAAAAAAE0AaQBjAHIAbwBzAG8AZgB0ACAAQwBvAHIAcABvAHIAYQB0AGkAbwBuAAAATgATAAEARgBpAGwAZQBEAGUAcwBjAHIAaQBwAHQAaQBvAG4AAAAAAFMAeQBzAHQAZQBtAC4AUAByAGkAdgBhAHQAZQAuAFUAcgBpAAAAAAA6AA0AAQBGAGkAbABlAFYAZQByAHMAaQBvAG4AAAAAADQALgA2AC4AMgA1ADcAMAA4AC4AMAAxAAAAAABOABcAAQBJAG4AdABlAHIAbgBhAGwATgBhAG0AZQAAAFMAeQBzAHQAZQBtAC4AUAByAGkAdgBhAHQAZQAuAFUAcgBpAC4AZABsAGwAAAAAAIIALwABAEwAZQBnAGEAbABDAG8AcAB5AHIAaQBnAGgAdAAAAKkAIABNAGkAYwByAG8AcwBvAGYAdAAgAEMAbwByAHAAbwByAGEAdABpAG8AbgAuACAAIABBAGwAbAAgAHIAaQBnAGgAdABzACAAcgBlAHMAZQByAHYAZQBkAC4AAAAAAFYAFwABAE8AcgBpAGcAaQBuAGEAbABGAGkAbABlAG4AYQBtAGUAAABTAHkAcwB0AGUAbQAuAFAAcgBpAHYAYQB0AGUALgBVAHIAaQAuAGQAbABsAAAAAABUABoAAQBQAHIAbwBkAHUAYwB0AE4AYQBtAGUAAAAAAE0AaQBjAHIAbwBzAG8AZgB0AK4AIAAuAE4ARQBUACAARgByAGEAbQBlAHcAbwByAGsAAAB+AC0AAQBQAHIAbwBkAHUAYwB0AFYAZQByAHMAaQBvAG4AAAA0AC4ANgAuADIANQA3ADAAOAAuADAAMQAgAGIAdQBpAGwAdAAgAGIAeQA6ACAAZABsAGEAYgAtAEQARABWAFMATwBXAEkATgBBAEcARQAwADIANAAuACAAAAAAADgACAABAEEAcwBzAGUAbQBiAGwAeQAgAFYAZQByAHMAaQBvAG4AAAA0AC4AMAAuADUALgAwAAAA","PDBPresent","","v4.0.30319"
"System.Reflection.Primitives, Version=4.1.1.0, Culture=neutral, PublicKeyToken=b03f5f7f11d50a3a","","1504834537","fAQ0AAAAVgBTAF8AVgBFAFIAUwBJAE8ATgBfAEkATgBGAE8AAAAAAL0E7/4AAAEABgAEAAEAbGQAAAAAAAAAAD8AAAAAAAAABAAAAAIAAAAAAAAAAAAAAAAAAABEAAAAAQBWAGEAcgBGAGkAbABlAEkAbgBmAG8AAAAAACQABAAAAFQAcgBhAG4AcwBsAGEAdABpAG8AbgAAAAAAAACwBNwDAAABAFMAdAByAGkAbgBnAEYAaQBsAGUASQBuAGYAbwAAALgDAAABADAAMAAwADAAMAA0AGIAMAAAAFIAHQABAEMAbwBtAG0AZQBuAHQAcwAAAFMAeQBzAHQAZQBtAC4AUgBlAGYAbABlAGMAdABpAG8AbgAuAFAAcgBpAG0AaQB0AGkAdgBlAHMAAAAAAEwAFgABAEMAbwBtAHAAYQBuAHkATgBhAG0AZQAAAAAATQBpAGMAcgBvAHMAbwBmAHQAIABDAG8AcgBwAG8AcgBhAHQAaQBvAG4AAABiAB0AAQBGAGkAbABlAEQAZQBzAGMAcgBpAHAAdABpAG8AbgAAAAAAUwB5AHMAdABlAG0ALgBSAGUAZgBsAGUAYwB0AGkAbwBuAC4AUAByAGkAbQBpAHQAaQB2AGUAcwAAAAAAOgANAAEARgBpAGwAZQBWAGUAcgBzAGkAbwBuAAAAAAA0AC4ANgAuADIANQA3ADAAOAAuADAAMQAAAAAAYgAhAAEASQBuAHQAZQByAG4AYQBsAE4AYQBtAGUAAABTAHkAcwB0AGUAbQAuAFIAZQBmAGwAZQBjAHQAaQBvAG4ALgBQAHIAaQBtAGkAdABpAHYAZQBzAC4AZABsAGwAAAAAAIIALwABAEwAZQBnAGEAbABDAG8AcAB5AHIAaQBnAGgAdAAAAKkAIABNAGkAYwByAG8AcwBvAGYAdAAgAEMAbwByAHAAbwByAGEAdABpAG8AbgAuACAAIABBAGwAbAAgAHIAaQBnAGgAdABzACAAcgBlAHMAZQByAHYAZQBkAC4AAAAAAGoAIQABAE8AcgBpAGcAaQBuAGEAbABGAGkAbABlAG4AYQBtAGUAAABTAHkAcwB0AGUAbQAuAFIAZQBmAGwAZQBjAHQAaQBvAG4ALgBQAHIAaQBtAGkAdABpAHYAZQBzAC4AZABsAGwAAAAAAFQAGgABAFAAcgBvAGQAdQBjAHQATgBhAG0AZQAAAAAATQBpAGMAcgBvAHMAbwBmAHQArgAgAC4ATgBFAFQAIABGAHIAYQBtAGUAdwBvAHIAawAAAH4ALQABAFAAcgBvAGQAdQBjAHQAVgBlAHIAcwBpAG8AbgAAADQALgA2AC4AMgA1ADcAMAA4AC4AMAAxACAAYgB1AGkAbAB0ACAAYgB5ADoAIABkAGwAYQBiAC0ARABEAFYAUwBPAFcASQBOAEEARwBFADAAMgA0AC4AIAAAAAAAOAAIAAEAQQBzAHMAZQBtAGIAbAB5ACAAVgBlAHIAcwBpAG8AbgAAADQALgAxAC4AMQAuADAAAAA=","PDBPresent","","v4.0.30319"
"System.Reflection.TypeExtensions, Version=4.1.3.0, Culture=neutral, PublicKeyToken=b03f5f7f11d50a3a","","1504834544","nAQ0AAAAVgBTAF8AVgBFAFIAUwBJAE8ATgBfAEkATgBGAE8AAAAAAL0E7/4AAAEABgAEAAEAbGQAAAAAAAAAAD8AAAAAAAAABAAAAAIAAAAAAAAAAAAAAAAAAABEAAAAAQBWAGEAcgBGAGkAbABlAEkAbgBmAG8AAAAAACQABAAAAFQAcgBhAG4AcwBsAGEAdABpAG8AbgAAAAAAAACwBPwDAAABAFMAdAByAGkAbgBnAEYAaQBsAGUASQBuAGYAbwAAANgDAAABADAAMAAwADAAMAA0AGIAMAAAAFoAIQABAEMAbwBtAG0AZQBuAHQAcwAAAFMAeQBzAHQAZQBtAC4AUgBlAGYAbABlAGMAdABpAG8AbgAuAFQAeQBwAGUARQB4AHQAZQBuAHMAaQBvAG4AcwAAAAAATAAWAAEAQwBvAG0AcABhAG4AeQBOAGEAbQBlAAAAAABNAGkAYwByAG8AcwBvAGYAdAAgAEMAbwByAHAAbwByAGEAdABpAG8AbgAAAGoAIQABAEYAaQBsAGUARABlAHMAYwByAGkAcAB0AGkAbwBuAAAAAABTAHkAcwB0AGUAbQAuAFIAZQBmAGwAZQBjAHQAaQBvAG4ALgBUAHkAcABlAEUAeAB0AGUAbgBzAGkAbwBuAHMAAAAAADoADQABAEYAaQBsAGUAVgBlAHIAcwBpAG8AbgAAAAAANAAuADYALgAyADUANwAwADgALgAwADEAAAAAAGoAJQABAEkAbgB0AGUAcgBuAGEAbABOAGEAbQBlAAAAUwB5AHMAdABlAG0ALgBSAGUAZgBsAGUAYwB0AGkAbwBuAC4AVAB5AHAAZQBFAHgAdABlAG4AcwBpAG8AbgBzAC4AZABsAGwAAAAAAIIALwABAEwAZQBnAGEAbABDAG8AcAB5AHIAaQBnAGgAdAAAAKkAIABNAGkAYwByAG8AcwBvAGYAdAAgAEMAbwByAHAAbwByAGEAdABpAG8AbgAuACAAIABBAGwAbAAgAHIAaQBnAGgAdABzACAAcgBlAHMAZQByAHYAZQBkAC4AAAAAAHIAJQABAE8AcgBpAGcAaQBuAGEAbABGAGkAbABlAG4AYQBtAGUAAABTAHkAcwB0AGUAbQAuAFIAZQBmAGwAZQBjAHQAaQBvAG4ALgBUAHkAcABlAEUAeAB0AGUAbgBzAGkAbwBuAHMALgBkAGwAbAAAAAAAVAAaAAEAUAByAG8AZAB1AGMAdABOAGEAbQBlAAAAAABNAGkAYwByAG8AcwBvAGYAdACuACAALgBOAEUAVAAgAEYAcgBhAG0AZQB3AG8AcgBrAAAAfgAtAAEAUAByAG8AZAB1AGMAdABWAGUAcgBzAGkAbwBuAAAANAAuADYALgAyADUANwAwADgALgAwADEAIABiAHUAaQBsAHQAIABiAHkAOgAgAGQAbABhAGIALQBEAEQAVgBTAE8AVwBJAE4AQQBHAEUAMAAyADQALgAgAAAAAAA4AAgAAQBBAHMAcwBlAG0AYgBsAHkAIABWAGUAcgBzAGkAbwBuAAAANAAuADEALgAzAC4AMAAAAA==","PDBPresent","","v4.0.30319"
"System.Runtime, Version=4.2.1.0, Culture=neutral, PublicKeyToken=b03f5f7f11d50a3a","","1504834542","DAQ0AAAAVgBTAF8AVgBFAFIAUwBJAE8ATgBfAEkATgBGAE8AAAAAAL0E7/4AAAEABgAEAAEAbGQAAAAAAAAAAD8AAAAAAAAABAAAAAIAAAAAAAAAAAAAAAAAAABEAAAAAQBWAGEAcgBGAGkAbABlAEkAbgBmAG8AAAAAACQABAAAAFQAcgBhAG4AcwBsAGEAdABpAG8AbgAAAAAAAACwBGwDAAABAFMAdAByAGkAbgBnAEYAaQBsAGUASQBuAGYAbwAAAEgDAAABADAAMAAwADAAMAA0AGIAMAAAADYADwABAEMAbwBtAG0AZQBuAHQAcwAAAFMAeQBzAHQAZQBtAC4AUgB1AG4AdABpAG0AZQAAAAAATAAWAAEAQwBvAG0AcABhAG4AeQBOAGEAbQBlAAAAAABNAGkAYwByAG8AcwBvAGYAdAAgAEMAbwByAHAAbwByAGEAdABpAG8AbgAAAEYADwABAEYAaQBsAGUARABlAHMAYwByAGkAcAB0AGkAbwBuAAAAAABTAHkAcwB0AGUAbQAuAFIAdQBuAHQAaQBtAGUAAAAAADoADQABAEYAaQBsAGUAVgBlAHIAcwBpAG8AbgAAAAAANAAuADYALgAyADUANwAwADgALgAwADEAAAAAAEYAEwABAEkAbgB0AGUAcgBuAGEAbABOAGEAbQBlAAAAUwB5AHMAdABlAG0ALgBSAHUAbgB0AGkAbQBlAC4AZABsAGwAAAAAAIIALwABAEwAZQBnAGEAbABDAG8AcAB5AHIAaQBnAGgAdAAAAKkAIABNAGkAYwByAG8AcwBvAGYAdAAgAEMAbwByAHAAbwByAGEAdABpAG8AbgAuACAAIABBAGwAbAAgAHIAaQBnAGgAdABzACAAcgBlAHMAZQByAHYAZQBkAC4AAAAAAE4AEwABAE8AcgBpAGcAaQBuAGEAbABGAGkAbABlAG4AYQBtAGUAAABTAHkAcwB0AGUAbQAuAFIAdQBuAHQAaQBtAGUALgBkAGwAbAAAAAAAVAAaAAEAUAByAG8AZAB1AGMAdABOAGEAbQBlAAAAAABNAGkAYwByAG8AcwBvAGYAdACuACAALgBOAEUAVAAgAEYAcgBhAG0AZQB3AG8AcgBrAAAAfgAtAAEAUAByAG8AZAB1AGMAdABWAGUAcgBzAGkAbwBuAAAANAAuADYALgAyADUANwAwADgALgAwADEAIABiAHUAaQBsAHQAIABiAHkAOgAgAGQAbABhAGIALQBEAEQAVgBTAE8AVwBJAE4AQQBHAEUAMAAyADQALgAgAAAAAAA4AAgAAQBBAHMAcwBlAG0AYgBsAHkAIABWAGUAcgBzAGkAbwBuAAAANAAuADIALgAxAC4AMAAAAA==","PDBPresent","","v4.0.30319"
"System.Runtime.Extensions, Version=4.2.1.0, Culture=neutral, PublicKeyToken=b03f5f7f11d50a3a","","1504834547","XAQ0AAAAVgBTAF8AVgBFAFIAUwBJAE8ATgBfAEkATgBGAE8AAAAAAL0E7/4AAAEABgAEAAEAbGQAAAAAAAAAAD8AAAAAAAAABAAAAAIAAAAAAAAAAAAAAAAAAABEAAAAAQBWAGEAcgBGAGkAbABlAEkAbgBmAG8AAAAAACQABAAAAFQAcgBhAG4AcwBsAGEAdABpAG8AbgAAAAAAAACwBLwDAAABAFMAdAByAGkAbgBnAEYAaQBsAGUASQBuAGYAbwAAAJgDAAABADAAMAAwADAAMAA0AGIAMAAAAEwAGgABAEMAbwBtAG0AZQBuAHQAcwAAAFMAeQBzAHQAZQBtAC4AUgB1AG4AdABpAG0AZQAuAEUAeAB0AGUAbgBzAGkAbwBuAHMAAABMABYAAQBDAG8AbQBwAGEAbgB5AE4AYQBtAGUAAAAAAE0AaQBjAHIAbwBzAG8AZgB0ACAAQwBvAHIAcABvAHIAYQB0AGkAbwBuAAAAXAAaAAEARgBpAGwAZQBEAGUAcwBjAHIAaQBwAHQAaQBvAG4AAAAAAFMAeQBzAHQAZQBtAC4AUgB1AG4AdABpAG0AZQAuAEUAeAB0AGUAbgBzAGkAbwBuAHMAAAA6AA0AAQBGAGkAbABlAFYAZQByAHMAaQBvAG4AAAAAADQALgA2AC4AMgA1ADcAMAA4AC4AMAAxAAAAAABcAB4AAQBJAG4AdABlAHIAbgBhAGwATgBhAG0AZQAAAFMAeQBzAHQAZQBtAC4AUgB1AG4AdABpAG0AZQAuAEUAeAB0AGUAbgBzAGkAbwBuAHMALgBkAGwAbAAAAIIALwABAEwAZQBnAGEAbABDAG8AcAB5AHIAaQBnAGgAdAAAAKkAIABNAGkAYwByAG8AcwBvAGYAdAAgAEMAbwByAHAAbwByAGEAdABpAG8AbgAuACAAIABBAGwAbAAgAHIAaQBnAGgAdABzACAAcgBlAHMAZQByAHYAZQBkAC4AAAAAAGQAHgABAE8AcgBpAGcAaQBuAGEAbABGAGkAbABlAG4AYQBtAGUAAABTAHkAcwB0AGUAbQAuAFIAdQBuAHQAaQBtAGUALgBFAHgAdABlAG4AcwBpAG8AbgBzAC4AZABsAGwAAABUABoAAQBQAHIAbwBkAHUAYwB0AE4AYQBtAGUAAAAAAE0AaQBjAHIAbwBzAG8AZgB0AK4AIAAuAE4ARQBUACAARgByAGEAbQBlAHcAbwByAGsAAAB+AC0AAQBQAHIAbwBkAHUAYwB0AFYAZQByAHMAaQBvAG4AAAA0AC4ANgAuADIANQA3ADAAOAAuADAAMQAgAGIAdQBpAGwAdAAgAGIAeQA6ACAAZABsAGEAYgAtAEQARABWAFMATwBXAEkATgBBAEcARQAwADIANAAuACAAAAAAADgACAABAEEAcwBzAGUAbQBiAGwAeQAgAFYAZQByAHMAaQBvAG4AAAA0AC4AMgAuADEALgAwAAAA","PDBPresent","","v4.0.30319"
"System.Text.RegularExpressions, Version=4.2.1.0, Culture=neutral, PublicKeyToken=b03f5f7f11d50a3a","","1504834582","jAQ0AAAAVgBTAF8AVgBFAFIAUwBJAE8ATgBfAEkATgBGAE8AAAAAAL0E7/4AAAEABgAEAAEAbGQAAAAAAAAAAD8AAAAAAAAABAAAAAIAAAAAAAAAAAAAAAAAAABEAAAAAQBWAGEAcgBGAGkAbABlAEkAbgBmAG8AAAAAACQABAAAAFQAcgBhAG4AcwBsAGEAdABpAG8AbgAAAAAAAACwBOwDAAABAFMAdAByAGkAbgBnAEYAaQBsAGUASQBuAGYAbwAAAMgDAAABADAAMAAwADAAMAA0AGIAMAAAAFYAHwABAEMAbwBtAG0AZQBuAHQAcwAAAFMAeQBzAHQAZQBtAC4AVABlAHgAdAAuAFIAZQBnAHUAbABhAHIARQB4AHAAcgBlAHMAcwBpAG8AbgBzAAAAAABMABYAAQBDAG8AbQBwAGEAbgB5AE4AYQBtAGUAAAAAAE0AaQBjAHIAbwBzAG8AZgB0ACAAQwBvAHIAcABvAHIAYQB0AGkAbwBuAAAAZgAfAAEARgBpAGwAZQBEAGUAcwBjAHIAaQBwAHQAaQBvAG4AAAAAAFMAeQBzAHQAZQBtAC4AVABlAHgAdAAuAFIAZQBnAHUAbABhAHIARQB4AHAAcgBlAHMAcwBpAG8AbgBzAAAAAAA6AA0AAQBGAGkAbABlAFYAZQByAHMAaQBvAG4AAAAAADQALgA2AC4AMgA1ADcAMAA4AC4AMAAxAAAAAABmACMAAQBJAG4AdABlAHIAbgBhAGwATgBhAG0AZQAAAFMAeQBzAHQAZQBtAC4AVABlAHgAdAAuAFIAZQBnAHUAbABhAHIARQB4AHAAcgBlAHMAcwBpAG8AbgBzAC4AZABsAGwAAAAAAIIALwABAEwAZQBnAGEAbABDAG8AcAB5AHIAaQBnAGgAdAAAAKkAIABNAGkAYwByAG8AcwBvAGYAdAAgAEMAbwByAHAAbwByAGEAdABpAG8AbgAuACAAIABBAGwAbAAgAHIAaQBnAGgAdABzACAAcgBlAHMAZQByAHYAZQBkAC4AAAAAAG4AIwABAE8AcgBpAGcAaQBuAGEAbABGAGkAbABlAG4AYQBtAGUAAABTAHkAcwB0AGUAbQAuAFQAZQB4AHQALgBSAGUAZwB1AGwAYQByAEUAeABwAHIAZQBzAHMAaQBvAG4AcwAuAGQAbABsAAAAAABUABoAAQBQAHIAbwBkAHUAYwB0AE4AYQBtAGUAAAAAAE0AaQBjAHIAbwBzAG8AZgB0AK4AIAAuAE4ARQBUACAARgByAGEAbQBlAHcAbwByAGsAAAB+AC0AAQBQAHIAbwBkAHUAYwB0AFYAZQByAHMAaQBvAG4AAAA0AC4ANgAuADIANQA3ADAAOAAuADAAMQAgAGIAdQBpAGwAdAAgAGIAeQA6ACAAZABsAGEAYgAtAEQARABWAFMATwBXAEkATgBBAEcARQAwADIANAAuACAAAAAAADgACAABAEEAcwBzAGUAbQBiAGwAeQAgAFYAZQByAHMAaQBvAG4AAAA0AC4AMgAuADEALgAwAAAA","PDBPresent","","v4.0.30319"
"System.Security.Principal, Version=4.1.1.0, Culture=neutral, PublicKeyToken=b03f5f7f11d50a3a","","1504834541","XAQ0AAAAVgBTAF8AVgBFAFIAUwBJAE8ATgBfAEkATgBGAE8AAAAAAL0E7/4AAAEABgAEAAEAbGQAAAAAAAAAAD8AAAAAAAAABAAAAAIAAAAAAAAAAAAAAAAAAABEAAAAAQBWAGEAcgBGAGkAbABlAEkAbgBmAG8AAAAAACQABAAAAFQAcgBhAG4AcwBsAGEAdABpAG8AbgAAAAAAAACwBLwDAAABAFMAdAByAGkAbgBnAEYAaQBsAGUASQBuAGYAbwAAAJgDAAABADAAMAAwADAAMAA0AGIAMAAAAEwAGgABAEMAbwBtAG0AZQBuAHQAcwAAAFMAeQBzAHQAZQBtAC4AUwBlAGMAdQByAGkAdAB5AC4AUAByAGkAbgBjAGkAcABhAGwAAABMABYAAQBDAG8AbQBwAGEAbgB5AE4AYQBtAGUAAAAAAE0AaQBjAHIAbwBzAG8AZgB0ACAAQwBvAHIAcABvAHIAYQB0AGkAbwBuAAAAXAAaAAEARgBpAGwAZQBEAGUAcwBjAHIAaQBwAHQAaQBvAG4AAAAAAFMAeQBzAHQAZQBtAC4AUwBlAGMAdQByAGkAdAB5AC4AUAByAGkAbgBjAGkAcABhAGwAAAA6AA0AAQBGAGkAbABlAFYAZQByAHMAaQBvAG4AAAAAADQALgA2AC4AMgA1ADcAMAA4AC4AMAAxAAAAAABcAB4AAQBJAG4AdABlAHIAbgBhAGwATgBhAG0AZQAAAFMAeQBzAHQAZQBtAC4AUwBlAGMAdQByAGkAdAB5AC4AUAByAGkAbgBjAGkAcABhAGwALgBkAGwAbAAAAIIALwABAEwAZQBnAGEAbABDAG8AcAB5AHIAaQBnAGgAdAAAAKkAIABNAGkAYwByAG8AcwBvAGYAdAAgAEMAbwByAHAAbwByAGEAdABpAG8AbgAuACAAIABBAGwAbAAgAHIAaQBnAGgAdABzACAAcgBlAHMAZQByAHYAZQBkAC4AAAAAAGQAHgABAE8AcgBpAGcAaQBuAGEAbABGAGkAbABlAG4AYQBtAGUAAABTAHkAcwB0AGUAbQAuAFMAZQBjAHUAcgBpAHQAeQAuAFAAcgBpAG4AYwBpAHAAYQBsAC4AZABsAGwAAABUABoAAQBQAHIAbwBkAHUAYwB0AE4AYQBtAGUAAAAAAE0AaQBjAHIAbwBzAG8AZgB0AK4AIAAuAE4ARQBUACAARgByAGEAbQBlAHcAbwByAGsAAAB+AC0AAQBQAHIAbwBkAHUAYwB0AFYAZQByAHMAaQBvAG4AAAA0AC4ANgAuADIANQA3ADAAOAAuADAAMQAgAGIAdQBpAGwAdAAgAGIAeQA6ACAAZABsAGEAYgAtAEQARABWAFMATwBXAEkATgBBAEcARQAwADIANAAuACAAAAAAADgACAABAEEAcwBzAGUAbQBiAGwAeQAgAFYAZQByAHMAaQBvAG4AAAA0AC4AMQAuADEALgAwAAAA","PDBPresent","","v4.0.30319"
"System.Private.SharedLibrary.Generated, Version=1.0.0.0, Culture=neutral, PublicKeyToken=null","","1504897043","AAA=","PDBNotPresent","","v4.0.30319"
"System.Private.CoreLib, Version=4.0.0.0, Culture=neutral, PublicKeyToken=b03f5f7f11d50a3a","","1504894021","XAQ0AAAAVgBTAF8AVgBFAFIAUwBJAE8ATgBfAEkATgBGAE8AAAAAAL0E7/4AAAEABgAEAAAAu2MAAAAAAAAAAD8AAAAAAAAABAAAAAIAAAAAAAAAAAAAAAAAAABEAAAAAQBWAGEAcgBGAGkAbABlAEkAbgBmAG8AAAAAACQABAAAAFQAcgBhAG4AcwBsAGEAdABpAG8AbgAAAAAAAACwBLwDAAABAFMAdAByAGkAbgBnAEYAaQBsAGUASQBuAGYAbwAAAJgDAAABADAAMAAwADAAMAA0AGIAMAAAAEYAFwABAEMAbwBtAG0AZQBuAHQAcwAAAFMAeQBzAHQAZQBtAC4AUAByAGkAdgBhAHQAZQAuAEMAbwByAGUATABpAGIAAAAAAEwAFgABAEMAbwBtAHAAYQBuAHkATgBhAG0AZQAAAAAATQBpAGMAcgBvAHMAbwBmAHQAIABDAG8AcgBwAG8AcgBhAHQAaQBvAG4AAABWABcAAQBGAGkAbABlAEQAZQBzAGMAcgBpAHAAdABpAG8AbgAAAAAAUwB5AHMAdABlAG0ALgBQAHIAaQB2AGEAdABlAC4AQwBvAHIAZQBMAGkAYgAAAAAAOAAMAAEARgBpAGwAZQBWAGUAcgBzAGkAbwBuAAAAAAA0AC4ANgAuADIANQA1ADMAMQAuADAAAABWABsAAQBJAG4AdABlAHIAbgBhAGwATgBhAG0AZQAAAFMAeQBzAHQAZQBtAC4AUAByAGkAdgBhAHQAZQAuAEMAbwByAGUATABpAGIALgBkAGwAbAAAAAAAggAvAAEATABlAGcAYQBsAEMAbwBwAHkAcgBpAGcAaAB0AAAAqQAgAE0AaQBjAHIAbwBzAG8AZgB0ACAAQwBvAHIAcABvAHIAYQB0AGkAbwBuAC4AIAAgAEEAbABsACAAcgBpAGcAaAB0AHMAIAByAGUAcwBlAHIAdgBlAGQALgAAAAAAXgAbAAEATwByAGkAZwBpAG4AYQBsAEYAaQBsAGUAbgBhAG0AZQAAAFMAeQBzAHQAZQBtAC4AUAByAGkAdgBhAHQAZQAuAEMAbwByAGUATABpAGIALgBkAGwAbAAAAAAAVAAaAAEAUAByAG8AZAB1AGMAdABOAGEAbQBlAAAAAABNAGkAYwByAG8AcwBvAGYAdACuACAALgBOAEUAVAAgAEYAcgBhAG0AZQB3AG8AcgBrAAAAkgA3AAEAUAByAG8AZAB1AGMAdABWAGUAcgBzAGkAbwBuAAAANAAuADYALgAyADUANQAzADEALgAwACAAYgB1AGkAbAB0ACAAYgB5ADoAIABkAGwAYQBiAC0ARABEAEIATABEADMANgA3AEQALgAgAEMAbwBtAG0AaQB0ACAASABhAHMAaAA6ACAATgAvAEEAAAAAADgACAABAEEAcwBzAGUAbQBiAGwAeQAgAFYAZQByAHMAaQBvAG4AAAA0AC4AMAAuADAALgAwAAAA","PDBPresent","","v4.0.30319"
"System.Private.SharedLibrary.Interop.Generated, Version=0.0.0.0, Culture=neutral, PublicKeyToken=null","","1504897057","5AI0AAAAVgBTAF8AVgBFAFIAUwBJAE8ATgBfAEkATgBGAE8AAAAAAL0E7/4AAAEAAAAAAAAAAAAAAAAAAAAAAD8AAAAAAAAABAAAAAIAAAAAAAAAAAAAAAAAAABEAAAAAQBWAGEAcgBGAGkAbABlAEkAbgBmAG8AAAAAACQABAAAAFQAcgBhAG4AcwBsAGEAdABpAG8AbgAAAAAAAACwBEQCAAABAFMAdAByAGkAbgBnAEYAaQBsAGUASQBuAGYAbwAAACACAAABADAAMAAwADAAMAA0AGIAMAAAACwAAgABAEYAaQBsAGUARABlAHMAYwByAGkAcAB0AGkAbwBuAAAAAAAgAAAAMAAIAAEARgBpAGwAZQBWAGUAcgBzAGkAbwBuAAAAAAAwAC4AMAAuADAALgAwAAAAhgAzAAEASQBuAHQAZQByAG4AYQBsAE4AYQBtAGUAAABTAHkAcwB0AGUAbQAuAFAAcgBpAHYAYQB0AGUALgBTAGgAYQByAGUAZABMAGkAYgByAGEAcgB5AC4ASQBuAHQAZQByAG8AcAAuAEcAZQBuAGUAcgBhAHQAZQBkAC4AZABsAGwAAAAAACgAAgABAEwAZQBnAGEAbABDAG8AcAB5AHIAaQBnAGgAdAAAACAAAACOADMAAQBPAHIAaQBnAGkAbgBhAGwARgBpAGwAZQBuAGEAbQBlAAAAUwB5AHMAdABlAG0ALgBQAHIAaQB2AGEAdABlAC4AUwBoAGEAcgBlAGQATABpAGIAcgBhAHIAeQAuAEkAbgB0AGUAcgBvAHAALgBHAGUAbgBlAHIAYQB0AGUAZAAuAGQAbABsAAAAAAA0AAgAAQBQAHIAbwBkAHUAYwB0AFYAZQByAHMAaQBvAG4AAAAwAC4AMAAuADAALgAwAAAAOAAIAAEAQQBzAHMAZQBtAGIAbAB5ACAAVgBlAHIAcwBpAG8AbgAAADAALgAwAC4AMAAuADAAAAA=","PDBPresent","","v4.0.30319"
"IDC-Classifier-GUI, Version=1.0.0.0, Culture=neutral, PublicKeyToken=null","","1528624782","bAM0AAAAVgBTAF8AVgBFAFIAUwBJAE8ATgBfAEkATgBGAE8AAAAAAL0E7/4AAAEAAAABAAAAAAAAAAEAAAAAAD8AAAAAAAAABAAAAAEAAAAAAAAAAAAAAAAAAABEAAAAAQBWAGEAcgBGAGkAbABlAEkAbgBmAG8AAAAAACQABAAAAFQAcgBhAG4AcwBsAGEAdABpAG8AbgAAAAAAAACwBMwCAAABAFMAdAByAGkAbgBnAEYAaQBsAGUASQBuAGYAbwAAAKgCAAABADAAMAAwADAAMAA0AGIAMAAAABoAAQABAEMAbwBtAG0AZQBuAHQAcwAAAAAAAAAiAAEAAQBDAG8AbQBwAGEAbgB5AE4AYQBtAGUAAAAAAAAAAABOABMAAQBGAGkAbABlAEQAZQBzAGMAcgBpAHAAdABpAG8AbgAAAAAASQBEAEMALQBDAGwAYQBzAHMAaQBmAGkAZQByAC0ARwBVAEkAAAAAADAACAABAEYAaQBsAGUAVgBlAHIAcwBpAG8AbgAAAAAAMQAuADAALgAwAC4AMAAAAE4AFwABAEkAbgB0AGUAcgBuAGEAbABOAGEAbQBlAAAASQBEAEMALQBDAGwAYQBzAHMAaQBmAGkAZQByAC0ARwBVAEkALgBlAHgAZQAAAAAASAASAAEATABlAGcAYQBsAEMAbwBwAHkAcgBpAGcAaAB0AAAAQwBvAHAAeQByAGkAZwBoAHQAIACpACAAIAAyADAAMQA4AAAAKgABAAEATABlAGcAYQBsAFQAcgBhAGQAZQBtAGEAcgBrAHMAAAAAAAAAAABWABcAAQBPAHIAaQBnAGkAbgBhAGwARgBpAGwAZQBuAGEAbQBlAAAASQBEAEMALQBDAGwAYQBzAHMAaQBmAGkAZQByAC0ARwBVAEkALgBlAHgAZQAAAAAARgATAAEAUAByAG8AZAB1AGMAdABOAGEAbQBlAAAAAABJAEQAQwAtAEMAbABhAHMAcwBpAGYAaQBlAHIALQBHAFUASQAAAAAANAAIAAEAUAByAG8AZAB1AGMAdABWAGUAcgBzAGkAbwBuAAAAMQAuADAALgAwAC4AMAAAADgACAABAEEAcwBzAGUAbQBiAGwAeQAgAFYAZQByAHMAaQBvAG4AAAAxAC4AMAAuADAALgAwAAAA","PDBPresent","","v4.0.30319"
"System.Private.DeveloperExperience.AppX, Version=4.0.0.0, Culture=neutral, PublicKeyToken=b03f5f7f11d50a3a","","1516252916","HAQ0AAAAVgBTAF8AVgBFAFIAUwBJAE8ATgBfAEkATgBGAE8AAAAAAL0E7/4AAAEABgAEAAAAAAAGAAQAAAAAAD8AAAAAAAAABAAAAAIAAAAAAAAAAAAAAAAAAAB8AwAAAQBTAHQAcgBpAG4AZwBGAGkAbABlAEkAbgBmAG8AAABYAwAAAQAwADQAMAA5ADAANABFADQAAABMABYAAQBDAG8AbQBwAGEAbgB5AE4AYQBtAGUAAAAAAE0AaQBjAHIAbwBzAG8AZgB0ACAAQwBvAHIAcABvAHIAYQB0AGkAbwBuAAAAeAAoAAEARgBpAGwAZQBEAGUAcwBjAHIAaQBwAHQAaQBvAG4AAAAAAFMAeQBzAHQAZQBtAC4AUAByAGkAdgBhAHQAZQAuAEQAZQB2AGUAbABvAHAAZQByAEUAeABwAGUAcgBpAGUAbgBjAGUALgBBAHAAcABYAAAAXAAeAAEARgBpAGwAZQBWAGUAcgBzAGkAbwBuAAAAAAA0AC4ANgAuADAALgAwACAAYgB1AGkAbAB0ACAAYgB5ADoAIABQAFIATwBKAEUAQwBUAE4AUgBFAEwAAABwACgAAQBJAG4AdABlAHIAbgBhAGwATgBhAG0AZQAAAFMAeQBzAHQAZQBtAC4AUAByAGkAdgBhAHQAZQAuAEQAZQB2AGUAbABvAHAAZQByAEUAeABwAGUAcgBpAGUAbgBjAGUALgBBAHAAcABYAAAAggAvAAEATABlAGcAYQBsAEMAbwBwAHkAcgBpAGcAaAB0AAAAqQAgAE0AaQBjAHIAbwBzAG8AZgB0ACAAQwBvAHIAcABvAHIAYQB0AGkAbwBuAC4AIAAgAEEAbABsACAAcgBpAGcAaAB0AHMAIAByAGUAcwBlAHIAdgBlAGQALgAAAAAAeAAoAAEATwByAGkAZwBpAG4AYQBsAEYAaQBsAGUAbgBhAG0AZQAAAFMAeQBzAHQAZQBtAC4AUAByAGkAdgBhAHQAZQAuAEQAZQB2AGUAbABvAHAAZQByAEUAeABwAGUAcgBpAGUAbgBjAGUALgBBAHAAcABYAAAAVAAaAAEAUAByAG8AZAB1AGMAdABOAGEAbQBlAAAAAABNAGkAYwByAG8AcwBvAGYAdACuACAALgBOAEUAVAAgAEYAcgBhAG0AZQB3AG8AcgBrAAAAYAAeAAEAUAByAG8AZAB1AGMAdABWAGUAcgBzAGkAbwBuAAAANAAuADYALgAwAC4AMAAgAGIAdQBpAGwAdAAgAGIAeQA6ACAAUABSAE8ASgBFAEMAVABOAFIARQBMAAAARAAAAAEAVgBhAHIARgBpAGwAZQBJAG4AZgBvAAAAAAAkAAQAAABUAHIAYQBuAHMAbABhAHQAaQBvAG4AAAAAAAkE5AQ=","PDBPresent","","v4.0.30319"
"System.Private.WinRTInterop.CoreLib, Version=4.0.0.0, Culture=neutral, PublicKeyToken=b77a5c561934e089","","1516252908","HAQ0AAAAVgBTAF8AVgBFAFIAUwBJAE8ATgBfAEkATgBGAE8AAAAAAL0E7/4AAAEABgAEAAEABmYGAAQAAQAGZj8AAAAAAAAABAAAAAIAAAAAAAAAAAAAAAAAAAB6AwAAAQBTAHQAcgBpAG4AZwBGAGkAbABlAEkAbgBmAG8AAABWAwAAAQAwADQAMAA5ADAANABFADQAAABMABYAAQBDAG8AbQBwAGEAbgB5AE4AYQBtAGUAAAAAAE0AaQBjAHIAbwBzAG8AZgB0ACAAQwBvAHIAcABvAHIAYQB0AGkAbwBuAAAAcAAkAAEARgBpAGwAZQBEAGUAcwBjAHIAaQBwAHQAaQBvAG4AAAAAAFMAeQBzAHQAZQBtAC4AUAByAGkAdgBhAHQAZQAuAFcAaQBuAFIAVABJAG4AdABlAHIAbwBwAC4AQwBvAHIAZQBMAGkAYgAAAGYAIwABAEYAaQBsAGUAVgBlAHIAcwBpAG8AbgAAAAAANAAuADYALgAyADYAMQAxADgALgAwADEAIABiAHUAaQBsAHQAIABiAHkAOgAgAFAAUgBPAEoARQBDAFQATgBSAEUATAAAAAAAaAAkAAEASQBuAHQAZQByAG4AYQBsAE4AYQBtAGUAAABTAHkAcwB0AGUAbQAuAFAAcgBpAHYAYQB0AGUALgBXAGkAbgBSAFQASQBuAHQAZQByAG8AcAAuAEMAbwByAGUATABpAGIAAACCAC8AAQBMAGUAZwBhAGwAQwBvAHAAeQByAGkAZwBoAHQAAACpACAATQBpAGMAcgBvAHMAbwBmAHQAIABDAG8AcgBwAG8AcgBhAHQAaQBvAG4ALgAgACAAQQBsAGwAIAByAGkAZwBoAHQAcwAgAHIAZQBzAGUAcgB2AGUAZAAuAAAAAABwACQAAQBPAHIAaQBnAGkAbgBhAGwARgBpAGwAZQBuAGEAbQBlAAAAUwB5AHMAdABlAG0ALgBQAHIAaQB2AGEAdABlAC4AVwBpAG4AUgBUAEkAbgB0AGUAcgBvAHAALgBDAG8AcgBlAEwAaQBiAAAAVAAaAAEAUAByAG8AZAB1AGMAdABOAGEAbQBlAAAAAABNAGkAYwByAG8AcwBvAGYAdACuACAALgBOAEUAVAAgAEYAcgBhAG0AZQB3AG8AcgBrAAAAagAjAAEAUAByAG8AZAB1AGMAdABWAGUAcgBzAGkAbwBuAAAANAAuADYALgAyADYAMQAxADgALgAwADEAIABiAHUAaQBsAHQAIABiAHkAOgAgAFAAUgBPAEoARQBDAFQATgBSAEUATAAAAAAARAAAAAEAVgBhAHIARgBpAGwAZQBJAG4AZgBvAAAAAAAkAAQAAABUAHIAYQBuAHMAbABhAHQAaQBvAG4AAAAAAAkE5AQ=","PDBPresent","","v4.0.30319"
"System.Text.Encoding.CodePages, Version=4.1.1.0, Culture=neutral, PublicKeyToken=b03f5f7f11d50a3a","","1506805560","jAQ0AAAAVgBTAF8AVgBFAFIAUwBJAE8ATgBfAEkATgBGAE8AAAAAAL0E7/4AAAEABgAEAAMAgmQAAAAAAAAAAD8AAAAAAAAABAAAAAIAAAAAAAAAAAAAAAAAAABEAAAAAQBWAGEAcgBGAGkAbABlAEkAbgBmAG8AAAAAACQABAAAAFQAcgBhAG4AcwBsAGEAdABpAG8AbgAAAAAAAACwBOwDAAABAFMAdAByAGkAbgBnAEYAaQBsAGUASQBuAGYAbwAAAMgDAAABADAAMAAwADAAMAA0AGIAMAAAAFYAHwABAEMAbwBtAG0AZQBuAHQAcwAAAFMAeQBzAHQAZQBtAC4AVABlAHgAdAAuAEUAbgBjAG8AZABpAG4AZwAuAEMAbwBkAGUAUABhAGcAZQBzAAAAAABMABYAAQBDAG8AbQBwAGEAbgB5AE4AYQBtAGUAAAAAAE0AaQBjAHIAbwBzAG8AZgB0ACAAQwBvAHIAcABvAHIAYQB0AGkAbwBuAAAAZgAfAAEARgBpAGwAZQBEAGUAcwBjAHIAaQBwAHQAaQBvAG4AAAAAAFMAeQBzAHQAZQBtAC4AVABlAHgAdAAuAEUAbgBjAG8AZABpAG4AZwAuAEMAbwBkAGUAUABhAGcAZQBzAAAAAAA6AA0AAQBGAGkAbABlAFYAZQByAHMAaQBvAG4AAAAAADQALgA2AC4AMgA1ADcAMwAwAC4AMAAzAAAAAABmACMAAQBJAG4AdABlAHIAbgBhAGwATgBhAG0AZQAAAFMAeQBzAHQAZQBtAC4AVABlAHgAdAAuAEUAbgBjAG8AZABpAG4AZwAuAEMAbwBkAGUAUABhAGcAZQBzAC4AZABsAGwAAAAAAIIALwABAEwAZQBnAGEAbABDAG8AcAB5AHIAaQBnAGgAdAAAAKkAIABNAGkAYwByAG8AcwBvAGYAdAAgAEMAbwByAHAAbwByAGEAdABpAG8AbgAuACAAIABBAGwAbAAgAHIAaQBnAGgAdABzACAAcgBlAHMAZQByAHYAZQBkAC4AAAAAAG4AIwABAE8AcgBpAGcAaQBuAGEAbABGAGkAbABlAG4AYQBtAGUAAABTAHkAcwB0AGUAbQAuAFQAZQB4AHQALgBFAG4AYwBvAGQAaQBuAGcALgBDAG8AZABlAFAAYQBnAGUAcwAuAGQAbABsAAAAAABUABoAAQBQAHIAbwBkAHUAYwB0AE4AYQBtAGUAAAAAAE0AaQBjAHIAbwBzAG8AZgB0AK4AIAAuAE4ARQBUACAARgByAGEAbQBlAHcAbwByAGsAAAB+AC0AAQBQAHIAbwBkAHUAYwB0AFYAZQByAHMAaQBvAG4AAAA0AC4ANgAuADIANQA3ADMAMAAuADAAMwAgAGIAdQBpAGwAdAAgAGIAeQA6ACAAZABsAGEAYgAtAEQARABWAFMATwBXAEkATgBBAEcARQAwADMAOAAuACAAAAAAADgACAABAEEAcwBzAGUAbQBiAGwAeQAgAFYAZQByAHMAaQBvAG4AAAA0AC4AMQAuADEALgAwAAAA","PDBNotPresent","","v4.0.30319"
"System.Private.IDC-Classifier-GUI.Generated, Version=1.0.0.0, Culture=neutral, PublicKeyToken=null","","1528624806","AAA=","PDBNotPresent","","v4.0.30319"
"System.Runtime.InteropServices, Version=4.2.1.0, Culture=neutral, PublicKeyToken=b03f5f7f11d50a3a","","1506805530","jAQ0AAAAVgBTAF8AVgBFAFIAUwBJAE8ATgBfAEkATgBGAE8AAAAAAL0E7/4AAAEABgAEAAMAgmQAAAAAAAAAAD8AAAAAAAAABAAAAAIAAAAAAAAAAAAAAAAAAABEAAAAAQBWAGEAcgBGAGkAbABlAEkAbgBmAG8AAAAAACQABAAAAFQAcgBhAG4AcwBsAGEAdABpAG8AbgAAAAAAAACwBOwDAAABAFMAdAByAGkAbgBnAEYAaQBsAGUASQBuAGYAbwAAAMgDAAABADAAMAAwADAAMAA0AGIAMAAAAFYAHwABAEMAbwBtAG0AZQBuAHQAcwAAAFMAeQBzAHQAZQBtAC4AUgB1AG4AdABpAG0AZQAuAEkAbgB0AGUAcgBvAHAAUwBlAHIAdgBpAGMAZQBzAAAAAABMABYAAQBDAG8AbQBwAGEAbgB5AE4AYQBtAGUAAAAAAE0AaQBjAHIAbwBzAG8AZgB0ACAAQwBvAHIAcABvAHIAYQB0AGkAbwBuAAAAZgAfAAEARgBpAGwAZQBEAGUAcwBjAHIAaQBwAHQAaQBvAG4AAAAAAFMAeQBzAHQAZQBtAC4AUgB1AG4AdABpAG0AZQAuAEkAbgB0AGUAcgBvAHAAUwBlAHIAdgBpAGMAZQBzAAAAAAA6AA0AAQBGAGkAbABlAFYAZQByAHMAaQBvAG4AAAAAADQALgA2AC4AMgA1ADcAMwAwAC4AMAAzAAAAAABmACMAAQBJAG4AdABlAHIAbgBhAGwATgBhAG0AZQAAAFMAeQBzAHQAZQBtAC4AUgB1AG4AdABpAG0AZQAuAEkAbgB0AGUAcgBvAHAAUwBlAHIAdgBpAGMAZQBzAC4AZABsAGwAAAAAAIIALwABAEwAZQBnAGEAbABDAG8AcAB5AHIAaQBnAGgAdAAAAKkAIABNAGkAYwByAG8AcwBvAGYAdAAgAEMAbwByAHAAbwByAGEAdABpAG8AbgAuACAAIABBAGwAbAAgAHIAaQBnAGgAdABzACAAcgBlAHMAZQByAHYAZQBkAC4AAAAAAG4AIwABAE8AcgBpAGcAaQBuAGEAbABGAGkAbABlAG4AYQBtAGUAAABTAHkAcwB0AGUAbQAuAFIAdQBuAHQAaQBtAGUALgBJAG4AdABlAHIAbwBwAFMAZQByAHYAaQBjAGUAcwAuAGQAbABsAAAAAABUABoAAQBQAHIAbwBkAHUAYwB0AE4AYQBtAGUAAAAAAE0AaQBjAHIAbwBzAG8AZgB0AK4AIAAuAE4ARQBUACAARgByAGEAbQBlAHcAbwByAGsAAAB+AC0AAQBQAHIAbwBkAHUAYwB0AFYAZQByAHMAaQBvAG4AAAA0AC4ANgAuADIANQA3ADMAMAAuADAAMwAgAGIAdQBpAGwAdAAgAGIAeQA6ACAAZABsAGEAYgAtAEQARABWAFMATwBXAEkATgBBAEcARQAwADMAOAAuACAAAAAAADgACAABAEEAcwBzAGUAbQBiAGwAeQAgAFYAZQByAHMAaQBvAG4AAAA0AC4AMgAuADEALgAwAAAA","PDBNotPresent","","v4.0.30319"
"System.Runtime.InteropServices.WindowsRuntime, Version=4.0.3.0, Culture=neutral, PublicKeyToken=b03f5f7f11d50a3a","","1506805526","/AQ0AAAAVgBTAF8AVgBFAFIAUwBJAE8ATgBfAEkATgBGAE8AAAAAAL0E7/4AAAEABgAEAAMAgmQAAAAAAAAAAD8AAAAAAAAABAAAAAIAAAAAAAAAAAAAAAAAAABEAAAAAQBWAGEAcgBGAGkAbABlAEkAbgBmAG8AAAAAACQABAAAAFQAcgBhAG4AcwBsAGEAdABpAG8AbgAAAAAAAACwBFwEAAABAFMAdAByAGkAbgBnAEYAaQBsAGUASQBuAGYAbwAAADgEAAABADAAMAAwADAAMAA0AGIAMAAAAHQALgABAEMAbwBtAG0AZQBuAHQAcwAAAFMAeQBzAHQAZQBtAC4AUgB1AG4AdABpAG0AZQAuAEkAbgB0AGUAcgBvAHAAUwBlAHIAdgBpAGMAZQBzAC4AVwBpAG4AZABvAHcAcwBSAHUAbgB0AGkAbQBlAAAATAAWAAEAQwBvAG0AcABhAG4AeQBOAGEAbQBlAAAAAABNAGkAYwByAG8AcwBvAGYAdAAgAEMAbwByAHAAbwByAGEAdABpAG8AbgAAAIQALgABAEYAaQBsAGUARABlAHMAYwByAGkAcAB0AGkAbwBuAAAAAABTAHkAcwB0AGUAbQAuAFIAdQBuAHQAaQBtAGUALgBJAG4AdABlAHIAbwBwAFMAZQByAHYAaQBjAGUAcwAuAFcAaQBuAGQAbwB3AHMAUgB1AG4AdABpAG0AZQAAADoADQABAEYAaQBsAGUAVgBlAHIAcwBpAG8AbgAAAAAANAAuADYALgAyADUANwAzADAALgAwADMAAAAAAIQAMgABAEkAbgB0AGUAcgBuAGEAbABOAGEAbQBlAAAAUwB5AHMAdABlAG0ALgBSAHUAbgB0AGkAbQBlAC4ASQBuAHQAZQByAG8AcABTAGUAcgB2AGkAYwBlAHMALgBXAGkAbgBkAG8AdwBzAFIAdQBuAHQAaQBtAGUALgBkAGwAbAAAAIIALwABAEwAZQBnAGEAbABDAG8AcAB5AHIAaQBnAGgAdAAAAKkAIABNAGkAYwByAG8AcwBvAGYAdAAgAEMAbwByAHAAbwByAGEAdABpAG8AbgAuACAAIABBAGwAbAAgAHIAaQBnAGgAdABzACAAcgBlAHMAZQByAHYAZQBkAC4AAAAAAIwAMgABAE8AcgBpAGcAaQBuAGEAbABGAGkAbABlAG4AYQBtAGUAAABTAHkAcwB0AGUAbQAuAFIAdQBuAHQAaQBtAGUALgBJAG4AdABlAHIAbwBwAFMAZQByAHYAaQBjAGUAcwAuAFcAaQBuAGQAbwB3AHMAUgB1AG4AdABpAG0AZQAuAGQAbABsAAAAVAAaAAEAUAByAG8AZAB1AGMAdABOAGEAbQBlAAAAAABNAGkAYwByAG8AcwBvAGYAdACuACAALgBOAEUAVAAgAEYAcgBhAG0AZQB3AG8AcgBrAAAAfgAtAAEAUAByAG8AZAB1AGMAdABWAGUAcgBzAGkAbwBuAAAANAAuADYALgAyADUANwAzADAALgAwADMAIABiAHUAaQBsAHQAIABiAHkAOgAgAGQAbABhAGIALQBEAEQAVgBTAE8AVwBJAE4AQQBHAEUAMAAzADgALgAgAAAAAAA4AAgAAQBBAHMAcwBlAG0AYgBsAHkAIABWAGUAcgBzAGkAbwBuAAAANAAuADAALgAzAC4AMAAAAA==","PDBNotPresent","","v4.0.30319"
"System.Numerics.Vectors, Version=4.1.4.0, Culture=neutral, PublicKeyToken=b03f5f7f11d50a3a","","1506805553","TAQ0AAAAVgBTAF8AVgBFAFIAUwBJAE8ATgBfAEkATgBGAE8AAAAAAL0E7/4AAAEABgAEAAMAgmQAAAAAAAAAAD8AAAAAAAAABAAAAAIAAAAAAAAAAAAAAAAAAABEAAAAAQBWAGEAcgBGAGkAbABlAEkAbgBmAG8AAAAAACQABAAAAFQAcgBhAG4AcwBsAGEAdABpAG8AbgAAAAAAAACwBKwDAAABAFMAdAByAGkAbgBnAEYAaQBsAGUASQBuAGYAbwAAAIgDAAABADAAMAAwADAAMAA0AGIAMAAAAEgAGAABAEMAbwBtAG0AZQBuAHQAcwAAAFMAeQBzAHQAZQBtAC4ATgB1AG0AZQByAGkAYwBzAC4AVgBlAGMAdABvAHIAcwAAAEwAFgABAEMAbwBtAHAAYQBuAHkATgBhAG0AZQAAAAAATQBpAGMAcgBvAHMAbwBmAHQAIABDAG8AcgBwAG8AcgBhAHQAaQBvAG4AAABYABgAAQBGAGkAbABlAEQAZQBzAGMAcgBpAHAAdABpAG8AbgAAAAAAUwB5AHMAdABlAG0ALgBOAHUAbQBlAHIAaQBjAHMALgBWAGUAYwB0AG8AcgBzAAAAOgANAAEARgBpAGwAZQBWAGUAcgBzAGkAbwBuAAAAAAA0AC4ANgAuADIANQA3ADMAMAAuADAAMwAAAAAAWAAcAAEASQBuAHQAZQByAG4AYQBsAE4AYQBtAGUAAABTAHkAcwB0AGUAbQAuAE4AdQBtAGUAcgBpAGMAcwAuAFYAZQBjAHQAbwByAHMALgBkAGwAbAAAAIIALwABAEwAZQBnAGEAbABDAG8AcAB5AHIAaQBnAGgAdAAAAKkAIABNAGkAYwByAG8AcwBvAGYAdAAgAEMAbwByAHAAbwByAGEAdABpAG8AbgAuACAAIABBAGwAbAAgAHIAaQBnAGgAdABzACAAcgBlAHMAZQByAHYAZQBkAC4AAAAAAGAAHAABAE8AcgBpAGcAaQBuAGEAbABGAGkAbABlAG4AYQBtAGUAAABTAHkAcwB0AGUAbQAuAE4AdQBtAGUAcgBpAGMAcwAuAFYAZQBjAHQAbwByAHMALgBkAGwAbAAAAFQAGgABAFAAcgBvAGQAdQBjAHQATgBhAG0AZQAAAAAATQBpAGMAcgBvAHMAbwBmAHQArgAgAC4ATgBFAFQAIABGAHIAYQBtAGUAdwBvAHIAawAAAH4ALQABAFAAcgBvAGQAdQBjAHQAVgBlAHIAcwBpAG8AbgAAADQALgA2AC4AMgA1ADcAMwAwAC4AMAAzACAAYgB1AGkAbAB0ACAAYgB5ADoAIABkAGwAYQBiAC0ARABEAFYAUwBPAFcASQBOAEEARwBFADAAMwA4AC4AIAAAAAAAOAAIAAEAQQBzAHMAZQBtAGIAbAB5ACAAVgBlAHIAcwBpAG8AbgAAADQALgAxAC4ANAAuADAAAAA=","PDBNotPresent","","v4.0.30319"
"System.Threading, Version=4.1.1.0, Culture=neutral, PublicKeyToken=b03f5f7f11d50a3a","","1506805530","HAQ0AAAAVgBTAF8AVgBFAFIAUwBJAE8ATgBfAEkATgBGAE8AAAAAAL0E7/4AAAEABgAEAAMAgmQAAAAAAAAAAD8AAAAAAAAABAAAAAIAAAAAAAAAAAAAAAAAAABEAAAAAQBWAGEAcgBGAGkAbABlAEkAbgBmAG8AAAAAACQABAAAAFQAcgBhAG4AcwBsAGEAdABpAG8AbgAAAAAAAACwBHwDAAABAFMAdAByAGkAbgBnAEYAaQBsAGUASQBuAGYAbwAAAFgDAAABADAAMAAwADAAMAA0AGIAMAAAADoAEQABAEMAbwBtAG0AZQBuAHQAcwAAAFMAeQBzAHQAZQBtAC4AVABoAHIAZQBhAGQAaQBuAGcAAAAAAEwAFgABAEMAbwBtAHAAYQBuAHkATgBhAG0AZQAAAAAATQBpAGMAcgBvAHMAbwBmAHQAIABDAG8AcgBwAG8AcgBhAHQAaQBvAG4AAABKABEAAQBGAGkAbABlAEQAZQBzAGMAcgBpAHAAdABpAG8AbgAAAAAAUwB5AHMAdABlAG0ALgBUAGgAcgBlAGEAZABpAG4AZwAAAAAAOgANAAEARgBpAGwAZQBWAGUAcgBzAGkAbwBuAAAAAAA0AC4ANgAuADIANQA3ADMAMAAuADAAMwAAAAAASgAVAAEASQBuAHQAZQByAG4AYQBsAE4AYQBtAGUAAABTAHkAcwB0AGUAbQAuAFQAaAByAGUAYQBkAGkAbgBnAC4AZABsAGwAAAAAAIIALwABAEwAZQBnAGEAbABDAG8AcAB5AHIAaQBnAGgAdAAAAKkAIABNAGkAYwByAG8AcwBvAGYAdAAgAEMAbwByAHAAbwByAGEAdABpAG8AbgAuACAAIABBAGwAbAAgAHIAaQBnAGgAdABzACAAcgBlAHMAZQByAHYAZQBkAC4AAAAAAFIAFQABAE8AcgBpAGcAaQBuAGEAbABGAGkAbABlAG4AYQBtAGUAAABTAHkAcwB0AGUAbQAuAFQAaAByAGUAYQBkAGkAbgBnAC4AZABsAGwAAAAAAFQAGgABAFAAcgBvAGQAdQBjAHQATgBhAG0AZQAAAAAATQBpAGMAcgBvAHMAbwBmAHQArgAgAC4ATgBFAFQAIABGAHIAYQBtAGUAdwBvAHIAawAAAH4ALQABAFAAcgBvAGQAdQBjAHQAVgBlAHIAcwBpAG8AbgAAADQALgA2AC4AMgA1ADcAMwAwAC4AMAAzACAAYgB1AGkAbAB0ACAAYgB5ADoAIABkAGwAYQBiAC0ARABEAFYAUwBPAFcASQBOAEEARwBFADAAMwA4AC4AIAAAAAAAOAAIAAEAQQBzAHMAZQBtAGIAbAB5ACAAVgBlAHIAcwBpAG8AbgAAADQALgAxAC4AMQAuADAAAAA=","PDBNotPresent","","v4.0.30319"
"System.Diagnostics.Debug, Version=4.1.1.0, Culture=neutral, PublicKeyToken=b03f5f7f11d50a3a","","1506805515","XAQ0AAAAVgBTAF8AVgBFAFIAUwBJAE8ATgBfAEkATgBGAE8AAAAAAL0E7/4AAAEABgAEAAMAgmQAAAAAAAAAAD8AAAAAAAAABAAAAAIAAAAAAAAAAAAAAAAAAABEAAAAAQBWAGEAcgBGAGkAbABlAEkAbgBmAG8AAAAAACQABAAAAFQAcgBhAG4AcwBsAGEAdABpAG8AbgAAAAAAAACwBLwDAAABAFMAdAByAGkAbgBnAEYAaQBsAGUASQBuAGYAbwAAAJgDAAABADAAMAAwADAAMAA0AGIAMAAAAEoAGQABAEMAbwBtAG0AZQBuAHQAcwAAAFMAeQBzAHQAZQBtAC4ARABpAGEAZwBuAG8AcwB0AGkAYwBzAC4ARABlAGIAdQBnAAAAAABMABYAAQBDAG8AbQBwAGEAbgB5AE4AYQBtAGUAAAAAAE0AaQBjAHIAbwBzAG8AZgB0ACAAQwBvAHIAcABvAHIAYQB0AGkAbwBuAAAAWgAZAAEARgBpAGwAZQBEAGUAcwBjAHIAaQBwAHQAaQBvAG4AAAAAAFMAeQBzAHQAZQBtAC4ARABpAGEAZwBuAG8AcwB0AGkAYwBzAC4ARABlAGIAdQBnAAAAAAA6AA0AAQBGAGkAbABlAFYAZQByAHMAaQBvAG4AAAAAADQALgA2AC4AMgA1ADcAMwAwAC4AMAAzAAAAAABaAB0AAQBJAG4AdABlAHIAbgBhAGwATgBhAG0AZQAAAFMAeQBzAHQAZQBtAC4ARABpAGEAZwBuAG8AcwB0AGkAYwBzAC4ARABlAGIAdQBnAC4AZABsAGwAAAAAAIIALwABAEwAZQBnAGEAbABDAG8AcAB5AHIAaQBnAGgAdAAAAKkAIABNAGkAYwByAG8AcwBvAGYAdAAgAEMAbwByAHAAbwByAGEAdABpAG8AbgAuACAAIABBAGwAbAAgAHIAaQBnAGgAdABzACAAcgBlAHMAZQByAHYAZQBkAC4AAAAAAGIAHQABAE8AcgBpAGcAaQBuAGEAbABGAGkAbABlAG4AYQBtAGUAAABTAHkAcwB0AGUAbQAuAEQAaQBhAGcAbgBvAHMAdABpAGMAcwAuAEQAZQBiAHUAZwAuAGQAbABsAAAAAABUABoAAQBQAHIAbwBkAHUAYwB0AE4AYQBtAGUAAAAAAE0AaQBjAHIAbwBzAG8AZgB0AK4AIAAuAE4ARQBUACAARgByAGEAbQBlAHcAbwByAGsAAAB+AC0AAQBQAHIAbwBkAHUAYwB0AFYAZQByAHMAaQBvAG4AAAA0AC4ANgAuADIANQA3ADMAMAAuADAAMwAgAGIAdQBpAGwAdAAgAGIAeQA6ACAAZABsAGEAYgAtAEQARABWAFMATwBXAEkATgBBAEcARQAwADMAOAAuACAAAAAAADgACAABAEEAcwBzAGUAbQBiAGwAeQAgAFYAZQByAHMAaQBvAG4AAAA0AC4AMQAuADEALgAwAAAA","PDBNotPresent","","v4.0.30319"
"System.Runtime.WindowsRuntime, Version=4.0.14.0, Culture=neutral, PublicKeyToken=b77a5c561934e089","","1506805531","fgQ0AAAAVgBTAF8AVgBFAFIAUwBJAE8ATgBfAEkATgBGAE8AAAAAAL0E7/4AAAEABgAEAAMAgmQAAAAAAAAAAD8AAAAAAAAABAAAAAIAAAAAAAAAAAAAAAAAAABEAAAAAQBWAGEAcgBGAGkAbABlAEkAbgBmAG8AAAAAACQABAAAAFQAcgBhAG4AcwBsAGEAdABpAG8AbgAAAAAAAACwBN4DAAABAFMAdAByAGkAbgBnAEYAaQBsAGUASQBuAGYAbwAAALoDAAABADAAMAAwADAAMAA0AGIAMAAAAFQAHgABAEMAbwBtAG0AZQBuAHQAcwAAAFMAeQBzAHQAZQBtAC4AUgB1AG4AdABpAG0AZQAuAFcAaQBuAGQAbwB3AHMAUgB1AG4AdABpAG0AZQAAAEwAFgABAEMAbwBtAHAAYQBuAHkATgBhAG0AZQAAAAAATQBpAGMAcgBvAHMAbwBmAHQAIABDAG8AcgBwAG8AcgBhAHQAaQBvAG4AAABkAB4AAQBGAGkAbABlAEQAZQBzAGMAcgBpAHAAdABpAG8AbgAAAAAAUwB5AHMAdABlAG0ALgBSAHUAbgB0AGkAbQBlAC4AVwBpAG4AZABvAHcAcwBSAHUAbgB0AGkAbQBlAAAAOgANAAEARgBpAGwAZQBWAGUAcgBzAGkAbwBuAAAAAAA0AC4ANgAuADIANQA3ADMAMAAuADAAMwAAAAAAZAAiAAEASQBuAHQAZQByAG4AYQBsAE4AYQBtAGUAAABTAHkAcwB0AGUAbQAuAFIAdQBuAHQAaQBtAGUALgBXAGkAbgBkAG8AdwBzAFIAdQBuAHQAaQBtAGUALgBkAGwAbAAAAIIALwABAEwAZQBnAGEAbABDAG8AcAB5AHIAaQBnAGgAdAAAAKkAIABNAGkAYwByAG8AcwBvAGYAdAAgAEMAbwByAHAAbwByAGEAdABpAG8AbgAuACAAIABBAGwAbAAgAHIAaQBnAGgAdABzACAAcgBlAHMAZQByAHYAZQBkAC4AAAAAAGwAIgABAE8AcgBpAGcAaQBuAGEAbABGAGkAbABlAG4AYQBtAGUAAABTAHkAcwB0AGUAbQAuAFIAdQBuAHQAaQBtAGUALgBXAGkAbgBkAG8AdwBzAFIAdQBuAHQAaQBtAGUALgBkAGwAbAAAAFQAGgABAFAAcgBvAGQAdQBjAHQATgBhAG0AZQAAAAAATQBpAGMAcgBvAHMAbwBmAHQArgAgAC4ATgBFAFQAIABGAHIAYQBtAGUAdwBvAHIAawAAAH4ALQABAFAAcgBvAGQAdQBjAHQAVgBlAHIAcwBpAG8AbgAAADQALgA2AC4AMgA1ADcAMwAwAC4AMAAzACAAYgB1AGkAbAB0ACAAYgB5ADoAIABkAGwAYQBiAC0ARABEAFYAUwBPAFcASQBOAEEARwBFADAAMwA4AC4AIAAAAAAAOgAJAAEAQQBzAHMAZQBtAGIAbAB5ACAAVgBlAHIAcwBpAG8AbgAAADQALgAwAC4AMQA0AC4AMAAAAA==","PDBNotPresent","","v4.0.30319"
"System.Runtime.WindowsRuntime.UI.Xaml, Version=4.0.4.0, Culture=neutral, PublicKeyToken=b77a5c561934e089","","1506805554","vAQ0AAAAVgBTAF8AVgBFAFIAUwBJAE8ATgBfAEkATgBGAE8AAAAAAL0E7/4AAAEABgAEAAMAgmQAAAAAAAAAAD8AAAAAAAAABAAAAAIAAAAAAAAAAAAAAAAAAABEAAAAAQBWAGEAcgBGAGkAbABlAEkAbgBmAG8AAAAAACQABAAAAFQAcgBhAG4AcwBsAGEAdABpAG8AbgAAAAAAAACwBBwEAAABAFMAdAByAGkAbgBnAEYAaQBsAGUASQBuAGYAbwAAAPgDAAABADAAMAAwADAAMAA0AGIAMAAAAGQAJgABAEMAbwBtAG0AZQBuAHQAcwAAAFMAeQBzAHQAZQBtAC4AUgB1AG4AdABpAG0AZQAuAFcAaQBuAGQAbwB3AHMAUgB1AG4AdABpAG0AZQAuAFUASQAuAFgAYQBtAGwAAABMABYAAQBDAG8AbQBwAGEAbgB5AE4AYQBtAGUAAAAAAE0AaQBjAHIAbwBzAG8AZgB0ACAAQwBvAHIAcABvAHIAYQB0AGkAbwBuAAAAdAAmAAEARgBpAGwAZQBEAGUAcwBjAHIAaQBwAHQAaQBvAG4AAAAAAFMAeQBzAHQAZQBtAC4AUgB1AG4AdABpAG0AZQAuAFcAaQBuAGQAbwB3AHMAUgB1AG4AdABpAG0AZQAuAFUASQAuAFgAYQBtAGwAAAA6AA0AAQBGAGkAbABlAFYAZQByAHMAaQBvAG4AAAAAADQALgA2AC4AMgA1ADcAMwAwAC4AMAAzAAAAAAB0ACoAAQBJAG4AdABlAHIAbgBhAGwATgBhAG0AZQAAAFMAeQBzAHQAZQBtAC4AUgB1AG4AdABpAG0AZQAuAFcAaQBuAGQAbwB3AHMAUgB1AG4AdABpAG0AZQAuAFUASQAuAFgAYQBtAGwALgBkAGwAbAAAAIIALwABAEwAZQBnAGEAbABDAG8AcAB5AHIAaQBnAGgAdAAAAKkAIABNAGkAYwByAG8AcwBvAGYAdAAgAEMAbwByAHAAbwByAGEAdABpAG8AbgAuACAAIABBAGwAbAAgAHIAaQBnAGgAdABzACAAcgBlAHMAZQByAHYAZQBkAC4AAAAAAHwAKgABAE8AcgBpAGcAaQBuAGEAbABGAGkAbABlAG4AYQBtAGUAAABTAHkAcwB0AGUAbQAuAFIAdQBuAHQAaQBtAGUALgBXAGkAbgBkAG8AdwBzAFIAdQBuAHQAaQBtAGUALgBVAEkALgBYAGEAbQBsAC4AZABsAGwAAABUABoAAQBQAHIAbwBkAHUAYwB0AE4AYQBtAGUAAAAAAE0AaQBjAHIAbwBzAG8AZgB0AK4AIAAuAE4ARQBUACAARgByAGEAbQBlAHcAbwByAGsAAAB+AC0AAQBQAHIAbwBkAHUAYwB0AFYAZQByAHMAaQBvAG4AAAA0AC4ANgAuADIANQA3ADMAMAAuADAAMwAgAGIAdQBpAGwAdAAgAGIAeQA6ACAAZABsAGEAYgAtAEQARABWAFMATwBXAEkATgBBAEcARQAwADMAOAAuACAAAAAAADgACAABAEEAcwBzAGUAbQBiAGwAeQAgAFYAZQByAHMAaQBvAG4AAAA0AC4AMAAuADQALgAwAAAA","PDBNotPresent","","v4.0.30319"
"System.Private.StackTraceGenerator, Version=4.0.0.0, Culture=neutral, PublicKeyToken=b03f5f7f11d50a3a","","1516252914","wAQ0AAAAVgBTAF8AVgBFAFIAUwBJAE8ATgBfAEkATgBGAE8AAAAAAL0E7/4AAAEABgAEAAEABmYAAAAAAAAAAD8AAAAAAAAABAAAAAIAAAAAAAAAAAAAAAAAAABEAAAAAQBWAGEAcgBGAGkAbABlAEkAbgBmAG8AAAAAACQABAAAAFQAcgBhAG4AcwBsAGEAdABpAG8AbgAAAAAAAACwBCAEAAABAFMAdAByAGkAbgBnAEYAaQBsAGUASQBuAGYAbwAAAPwDAAABADAAMAAwADAAMAA0AGIAMAAAAF4AIwABAEMAbwBtAG0AZQBuAHQAcwAAAFMAeQBzAHQAZQBtAC4AUAByAGkAdgBhAHQAZQAuAFMAdABhAGMAawBUAHIAYQBjAGUARwBlAG4AZQByAGEAdABvAHIAAAAAAEwAFgABAEMAbwBtAHAAYQBuAHkATgBhAG0AZQAAAAAATQBpAGMAcgBvAHMAbwBmAHQAIABDAG8AcgBwAG8AcgBhAHQAaQBvAG4AAABuACMAAQBGAGkAbABlAEQAZQBzAGMAcgBpAHAAdABpAG8AbgAAAAAAUwB5AHMAdABlAG0ALgBQAHIAaQB2AGEAdABlAC4AUwB0AGEAYwBrAFQAcgBhAGMAZQBHAGUAbgBlAHIAYQB0AG8AcgAAAAAAOgANAAEARgBpAGwAZQBWAGUAcgBzAGkAbwBuAAAAAAA0AC4ANgAuADIANgAxADEAOAAuADAAMQAAAAAAbgAnAAEASQBuAHQAZQByAG4AYQBsAE4AYQBtAGUAAABTAHkAcwB0AGUAbQAuAFAAcgBpAHYAYQB0AGUALgBTAHQAYQBjAGsAVAByAGEAYwBlAEcAZQBuAGUAcgBhAHQAbwByAC4AZABsAGwAAAAAAIIALwABAEwAZQBnAGEAbABDAG8AcAB5AHIAaQBnAGgAdAAAAKkAIABNAGkAYwByAG8AcwBvAGYAdAAgAEMAbwByAHAAbwByAGEAdABpAG8AbgAuACAAIABBAGwAbAAgAHIAaQBnAGgAdABzACAAcgBlAHMAZQByAHYAZQBkAC4AAAAAAHYAJwABAE8AcgBpAGcAaQBuAGEAbABGAGkAbABlAG4AYQBtAGUAAABTAHkAcwB0AGUAbQAuAFAAcgBpAHYAYQB0AGUALgBTAHQAYQBjAGsAVAByAGEAYwBlAEcAZQBuAGUAcgBhAHQAbwByAC4AZABsAGwAAAAAAFQAGgABAFAAcgBvAGQAdQBjAHQATgBhAG0AZQAAAAAATQBpAGMAcgBvAHMAbwBmAHQArgAgAC4ATgBFAFQAIABGAHIAYQBtAGUAdwBvAHIAawAAAJIANwABAFAAcgBvAGQAdQBjAHQAVgBlAHIAcwBpAG8AbgAAADQALgA2AC4AMgA2ADEAMQA4AC4AMAAxACAAYgB1AGkAbAB0ACAAYgB5ADoAIABkAGwAYQBiAC0ARABEAEIATABEADQAMAAxAC4AIABDAG8AbQBtAGkAdAAgAEgAYQBzAGgAOgAgAE4ALwBBAAAAAAA4AAgAAQBBAHMAcwBlAG0AYgBsAHkAIABWAGUAcgBzAGkAbwBuAAAANAAuADAALgAwAC4AMAAAAA==","PDBPresent","","v4.0.30319"
"System.Diagnostics.Tracing, Version=4.2.1.0, Culture=neutral, PublicKeyToken=b03f5f7f11d50a3a","","1506805514","bAQ0AAAAVgBTAF8AVgBFAFIAUwBJAE8ATgBfAEkATgBGAE8AAAAAAL0E7/4AAAEABgAEAAMAgmQAAAAAAAAAAD8AAAAAAAAABAAAAAIAAAAAAAAAAAAAAAAAAABEAAAAAQBWAGEAcgBGAGkAbABlAEkAbgBmAG8AAAAAACQABAAAAFQAcgBhAG4AcwBsAGEAdABpAG8AbgAAAAAAAACwBMwDAAABAFMAdAByAGkAbgBnAEYAaQBsAGUASQBuAGYAbwAAAKgDAAABADAAMAAwADAAMAA0AGIAMAAAAE4AGwABAEMAbwBtAG0AZQBuAHQAcwAAAFMAeQBzAHQAZQBtAC4ARABpAGEAZwBuAG8AcwB0AGkAYwBzAC4AVAByAGEAYwBpAG4AZwAAAAAATAAWAAEAQwBvAG0AcABhAG4AeQBOAGEAbQBlAAAAAABNAGkAYwByAG8AcwBvAGYAdAAgAEMAbwByAHAAbwByAGEAdABpAG8AbgAAAF4AGwABAEYAaQBsAGUARABlAHMAYwByAGkAcAB0AGkAbwBuAAAAAABTAHkAcwB0AGUAbQAuAEQAaQBhAGcAbgBvAHMAdABpAGMAcwAuAFQAcgBhAGMAaQBuAGcAAAAAADoADQABAEYAaQBsAGUAVgBlAHIAcwBpAG8AbgAAAAAANAAuADYALgAyADUANwAzADAALgAwADMAAAAAAF4AHwABAEkAbgB0AGUAcgBuAGEAbABOAGEAbQBlAAAAUwB5AHMAdABlAG0ALgBEAGkAYQBnAG4AbwBzAHQAaQBjAHMALgBUAHIAYQBjAGkAbgBnAC4AZABsAGwAAAAAAIIALwABAEwAZQBnAGEAbABDAG8AcAB5AHIAaQBnAGgAdAAAAKkAIABNAGkAYwByAG8AcwBvAGYAdAAgAEMAbwByAHAAbwByAGEAdABpAG8AbgAuACAAIABBAGwAbAAgAHIAaQBnAGgAdABzACAAcgBlAHMAZQByAHYAZQBkAC4AAAAAAGYAHwABAE8AcgBpAGcAaQBuAGEAbABGAGkAbABlAG4AYQBtAGUAAABTAHkAcwB0AGUAbQAuAEQAaQBhAGcAbgBvAHMAdABpAGMAcwAuAFQAcgBhAGMAaQBuAGcALgBkAGwAbAAAAAAAVAAaAAEAUAByAG8AZAB1AGMAdABOAGEAbQBlAAAAAABNAGkAYwByAG8AcwBvAGYAdACuACAALgBOAEUAVAAgAEYAcgBhAG0AZQB3AG8AcgBrAAAAfgAtAAEAUAByAG8AZAB1AGMAdABWAGUAcgBzAGkAbwBuAAAANAAuADYALgAyADUANwAzADAALgAwADMAIABiAHUAaQBsAHQAIABiAHkAOgAgAGQAbABhAGIALQBEAEQAVgBTAE8AVwBJAE4AQQBHAEUAMAAzADgALgAgAAAAAAA4AAgAAQBBAHMAcwBlAG0AYgBsAHkAIABWAGUAcgBzAGkAbwBuAAAANAAuADIALgAxAC4AMAAAAA==","PDBNotPresent","","v4.0.30319"
"IDC-Classifier-GUI.McgInterop, Version=0.0.0.0, Culture=neutral, PublicKeyToken=null","","1528624814","nAI0AAAAVgBTAF8AVgBFAFIAUwBJAE8ATgBfAEkATgBGAE8AAAAAAL0E7/4AAAEAAAAAAAAAAAAAAAAAAAAAAD8AAAAAAAAABAAAAAIAAAAAAAAAAAAAAAAAAABEAAAAAQBWAGEAcgBGAGkAbABlAEkAbgBmAG8AAAAAACQABAAAAFQAcgBhAG4AcwBsAGEAdABpAG8AbgAAAAAAAACwBPwBAAABAFMAdAByAGkAbgBnAEYAaQBsAGUASQBuAGYAbwAAANgBAAABADAAMAAwADAAMAA0AGIAMAAAACwAAgABAEYAaQBsAGUARABlAHMAYwByAGkAcAB0AGkAbwBuAAAAAAAgAAAAMAAIAAEARgBpAGwAZQBWAGUAcgBzAGkAbwBuAAAAAAAwAC4AMAAuADAALgAwAAAAZAAiAAEASQBuAHQAZQByAG4AYQBsAE4AYQBtAGUAAABJAEQAQwAtAEMAbABhAHMAcwBpAGYAaQBlAHIALQBHAFUASQAuAE0AYwBnAEkAbgB0AGUAcgBvAHAALgBkAGwAbAAAACgAAgABAEwAZQBnAGEAbABDAG8AcAB5AHIAaQBnAGgAdAAAACAAAABsACIAAQBPAHIAaQBnAGkAbgBhAGwARgBpAGwAZQBuAGEAbQBlAAAASQBEAEMALQBDAGwAYQBzAHMAaQBmAGkAZQByAC0ARwBVAEkALgBNAGMAZwBJAG4AdABlAHIAbwBwAC4AZABsAGwAAAA0AAgAAQBQAHIAbwBkAHUAYwB0AFYAZQByAHMAaQBvAG4AAAAwAC4AMAAuADAALgAwAAAAOAAIAAEAQQBzAHMAZQBtAGIAbAB5ACAAVgBlAHIAcwBpAG8AbgAAADAALgAwAC4AMAAuADAAAAA=","PDBPresent","","v4.0.30319"
